workload_id,model,mode,case_label,phase,group_size,batch_size,input_len,output_len,output_lens_json,sum_output_tokens,prefill_chunk_size,repeat_count,calls,logical_payload_bytes,ring_equivalent_bytes,ring_equivalent_rounds,payload_supports,op_payload_supports,calls_by_payload_json,calls_by_op_payload_json,raw_ops_json,collective_families_json,raw_all_reduce_calls,fused_allreduce_residual_rmsnorm_calls,backend_signature,target_post_us,target_post_p25_us,target_post_p75_us,post_repeat_iqr_fraction,post_repeat_values_json,intrinsic_us,intrinsic_repeat_iqr_fraction,sync_inclusive_us,sync_repeat_iqr_fraction,phase_wall_us,comm_fraction_of_wall,controlled_equal_payload,split,continuous_raw_us,total_bytes_only_predicted_us,total_bytes_only_ape,three_hard_bins_predicted_us,three_hard_bins_ape,continuous_histogram_predicted_us,continuous_histogram_ape,continuous_histogram_dnn_residual_predicted_us,continuous_histogram_dnn_residual_ape,continuous_calibration_scale,continuous_calibrated_us
deepseek-v2-lite-chunk-c1024-b1-l1023-m8-9fe316,deepseek-v2-lite,chunked_prefill,c1024,prefill,2,1,1023,8,[8],8,1024,3,55,230461440,230461440.0,110,1,1,"{""4190208"":55}","{""all_reduce:4190208"":55}","[""all_reduce""]","[""all_reduce""]",55,0,sglang_custom:all_reduce_one_shot_push,850.40283203125,846.252197265625,853.87890625,0.008968348525084333,"[842.1015625, 850.40283203125, 857.35498046875]",809.9139999999999,0.005255496262566241,47613.98099999999,0.40855520986577454,59297.104366123676,0.014341388860753267,False,train,976.5320688860039,826.9977037326843,0.027522401639539288,900.6688483314463,0.0591084770733091,938.8083824373736,0.10395726245991016,847.9505375798037,0.0028836856594054274,0.961369741301313,938.8083824373736
deepseek-v2-lite-chunk-c1024-b1-l1024-m8-9fe316,deepseek-v2-lite,chunked_prefill,c1024,prefill,2,1,1024,8,[8],8,1024,3,55,230686720,230686720.0,110,1,1,"{""4194304"":55}","{""all_reduce:4194304"":55}","[""all_reduce""]","[""all_reduce""]",55,0,sglang_custom:all_reduce_one_shot_push,845.8720703125,845.64453125,852.851806640625,0.008520526499902445,"[845.8720703125, 859.83154296875, 845.4169921875]",810.5269999999998,0.00037506461845177274,13752.666999999998,0.47834674539854727,58042.39772260189,0.014573348164476582,False,train,976.800000000012,827.7032075355003,0.021479445195876256,901.5131480571852,0.06577954243616184,939.0659633031341,0.11017492628194293,848.2103954773376,0.0027643957601930073,0.961369741301313,939.0659633031341
deepseek-v2-lite-chunk-c1024-b1-l1025-m8-9fe316,deepseek-v2-lite,chunked_prefill,c1024,prefill,2,1,1025,8,[8],8,1024,3,110,230912000,230912000.0,220,2,2,"{""4096"":55,""4194304"":55}","{""all_reduce:4096"":55,""all_reduce:4194304"":55}","[""all_reduce""]","[""all_reduce""]",110,0,sglang_custom:all_reduce_one_shot_push,1144.5927734375,1138.53955078125,1156.60888671875,0.01578669405996094,"[1144.5927734375, 1168.625, 1132.486328125]",1076.4759999999999,0.02172644815118955,51620.4,0.259706588867967,119096.6172143817,0.009610623712150936,False,train,1414.1324999999938,828.4086236833438,0.27624160932326675,1020.1368668899887,0.10873378675433962,1359.504195690773,0.18776234416354035,1144.4944114132302,8.59362618325923e-05,0.961369741301313,1359.504195690773
deepseek-v2-lite-chunk-c1024-b1-l2047-m8-9fe316,deepseek-v2-lite,chunked_prefill,c1024,prefill,2,1,2047,8,[8],8,1024,3,110,461148160,461148160.0,220,2,2,"{""4190208"":55,""4194304"":55}","{""all_reduce:4190208"":55,""all_reduce:4194304"":55}","[""all_reduce""]","[""all_reduce""]",110,0,sglang_custom:all_reduce_one_shot_push,1689.9736328125,1685.87744140625,1699.115478515625,0.007833280266831086,"[1689.9736328125, 1708.25732421875, 1681.78125]",1622.526,0.001654518941453202,22081.447,0.5214351894601834,115393.18598806858,0.01464535031546178,True,validation,1953.3320688860158,1515.019357552468,0.10352485498183095,1757.0270426717761,0.03967719292027298,1877.8743457405076,0.11118558850844205,1668.7730411351376,0.012544924527656537,0.961369741301313,1877.8743457405076
deepseek-v2-lite-chunk-c1024-b1-l2048-m8-9fe316,deepseek-v2-lite,chunked_prefill,c1024,prefill,2,1,2048,8,[8],8,1024,3,110,461373440,461373440.0,220,1,1,"{""4194304"":110}","{""all_reduce:4194304"":110}","[""all_reduce""]","[""all_reduce""]",110,0,sglang_custom:all_reduce_one_shot_push,1711.3798828125,1694.283447265625,1711.990234375,0.010346497167113755,"[1712.6005859375, 1677.18701171875, 1711.3798828125]",1627.607,0.002652667382236688,52086.96400000001,0.47718632631381613,114830.46133071184,0.014903535725452886,True,train,1953.600000000024,1515.6652861797763,0.11436069723519492,1757.8501796196329,0.027153700516078915,1878.1319266062683,0.09743718824117892,1710.8254365255239,0.00032397616247829304,0.961369741301313,1878.1319266062683
deepseek-v2-lite-chunk-c1024-b1-l2049-m8-9fe316,deepseek-v2-lite,chunked_prefill,c1024,prefill,2,1,2049,8,[8],8,1024,3,165,461598720,461598720.0,330,2,2,"{""4096"":55,""4194304"":110}","{""all_reduce:4096"":55,""all_reduce:4194304"":110}","[""all_reduce""]","[""all_reduce""]",165,0,sglang_custom:all_reduce_one_shot_push,1989.68359375,1965.763427734375,1989.847412109375,0.01210442929250293,"[1990.01123046875, 1941.84326171875, 1989.68359375]",1846.296,0.012373151434005962,84905.891,0.10117960484037557,176787.62041032314,0.01125465453481389,True,train,2390.932500000006,1516.3111746793045,0.23791341525740795,1989.153212644452,0.00026656555203755295,2298.570158993907,0.15524406303302826,1989.082578858791,0.00030206556112582085,0.961369741301313,2298.570158993907
deepseek-v2-lite-chunk-c1024-b4-l1023-m8-0d8dda,deepseek-v2-lite,chunked_prefill,c1024,prefill,2,4,1023,8,"[8, 8, 8, 8]",32,1024,3,55,921845760,921845760.0,110,1,1,"{""16760832"":55}","{""all_reduce:16760832"":55}","[""all_reduce""]","[""all_reduce""]",55,0,sglang_custom:all_reduce_one_shot,2063.7080078125,2059.46533203125,2063.8359375,0.002117841018305093,"[2063.9638671875, 2063.7080078125, 2055.22265625]",2063.707,0.0023028947423255866,34200.003,0.2448106218002379,60202.00904458761,0.034279719905760106,False,train,2165.4634671074755,2773.075127598199,0.3437342478200768,2321.18828733679,0.12476584795405006,2081.811053170558,0.008772096289555449,2062.9152417102746,0.00038414644863724425,0.961369741301313,2081.811053170558
deepseek-v2-lite-chunk-c1024-b4-l1024-m8-0d8dda,deepseek-v2-lite,chunked_prefill,c1024,prefill,2,4,1024,8,"[8, 8, 8, 8]",32,1024,3,55,922746880,922746880.0,110,1,1,"{""16777216"":55}","{""all_reduce:16777216"":55}","[""all_reduce""]","[""all_reduce""]",55,0,sglang_custom:all_reduce_one_shot,2063.37939453125,2063.2685546875,2063.487060546875,0.00010589708318020654,"[2063.5947265625, 2063.37939453125, 2063.15771484375]",2063.357,0.0006036279713108264,36562.98900000001,0.30638028526606514,60697.07311689854,0.0339947099353097,False,train,2166.5599999999904,2775.440811378881,0.34509475995295286,2323.2939138821175,0.12596545261610206,2082.8652267137636,0.009443649691452073,2063.9602159837955,0.0002814903813059679,0.961369741301313,2082.8652267137636
deepseek-v2-lite-chunk-c1024-b4-l1025-m8-0d8dda,deepseek-v2-lite,chunked_prefill,c1024,prefill,2,4,1025,8,"[8, 8, 8, 8]",32,1024,3,110,923648000,923648000.0,220,2,2,"{""16384"":55,""16777216"":55}","{""all_reduce:16384"":55,""all_reduce:16777216"":55}","[""all_reduce""]","[""all_reduce""]",110,0,sglang_custom:all_reduce_one_shot+sglang_custom:all_reduce_one_shot_push,2431.26953125,2422.150634765625,2434.32666015625,0.0050080936046464925,"[2431.26953125, 2413.03173828125, 2437.3837890625]",2345.022,0.014511164500802318,43623.64800000001,0.648061299229262,120740.05324393511,0.020136396050265324,False,test,2580.1599999999394,2777.8062012363484,0.14253321794732562,2416.692597240912,0.005995605925926826,2480.4877517159375,0.02024383550787671,2409.2066665682855,0.00907462722587207,0.961369741301313,2480.4877517159375
deepseek-v2-lite-chunk-c1024-b4-l2047-m8-0d8dda,deepseek-v2-lite,chunked_prefill,c1024,prefill,2,4,2047,8,"[8, 8, 8, 8]",32,1024,3,110,1844592640,1844592640.0,220,2,2,"{""16760832"":55,""16777216"":55}","{""all_reduce:16760832"":55,""all_reduce:16777216"":55}","[""all_reduce""]","[""all_reduce""]",110,0,sglang_custom:all_reduce_one_shot,4123.0146484375,4122.140380859375,4125.08349609375,0.0007138260436426907,"[4127.15234375, 4123.0146484375, 4121.26611328125]",4118.039,0.0003098562204000108,58091.56900000001,0.17598914396682921,117828.46692949533,0.03499166844718922,True,train,4332.023467107466,5080.138052699892,0.23214164534319887,4629.38137333215,0.12281468005129409,4164.676279884322,0.010104652784246226,4123.701433777269,0.0001665735871273643,0.961369741301313,4164.676279884322
deepseek-v2-lite-chunk-c1024-b4-l2048-m8-0d8dda,deepseek-v2-lite,chunked_prefill,c1024,prefill,2,4,2048,8,"[8, 8, 8, 8]",32,1024,3,110,1845493760,1845493760.0,220,1,1,"{""16777216"":110}","{""all_reduce:16777216"":110}","[""all_reduce""]","[""all_reduce""]",110,0,sglang_custom:all_reduce_one_shot,4125.47607421875,4122.205322265625,4126.06787109375,0.0009362674170535479,"[4125.47607421875, 4126.65966796875, 4118.9345703125]",4120.763000000001,0.0008809048227233909,52956.106,0.1568863088233866,117036.55403107405,0.035249466360086155,True,train,4333.119999999981,5082.303969978705,0.23193151009635937,4631.480116841835,0.12265349102016264,4165.730453427527,0.009757511250722807,4126.383563049263,0.00021997190486311465,0.961369741301313,4165.730453427527
deepseek-v2-lite-chunk-c1024-b4-l2049-m8-0d8dda,deepseek-v2-lite,chunked_prefill,c1024,prefill,2,4,2049,8,"[8, 8, 8, 8]",32,1024,3,165,1846394880,1846394880.0,330,2,2,"{""16384"":55,""16777216"":110}","{""all_reduce:16384"":55,""all_reduce:16777216"":110}","[""all_reduce""]","[""all_reduce""]",165,0,sglang_custom:all_reduce_one_shot+sglang_custom:all_reduce_one_shot_push,4482.052734375,4477.816650390625,4501.01904296875,0.005176733508772618,"[4519.9853515625, 4473.58056640625, 4482.052734375]",4469.3369999999995,0.011667054867422224,64711.439,0.055846069193423366,181118.3262616396,0.024746544576059765,True,train,4746.71999999993,5084.4697527017015,0.13440649943863403,4817.670138832054,0.07488028908786468,4563.352978429702,0.018139064592250606,4480.116872066118,0.0004319142195795467,0.961369741301313,4563.352978429702
deepseek-v2-lite-chunk-c2048-b1-l2047-m8-9fe316,deepseek-v2-lite,chunked_prefill,c2048,prefill,2,1,2047,8,[8],8,2048,3,55,461148160,461148160.0,110,1,1,"{""8384512"":55}","{""all_reduce:8384512"":55}","[""all_reduce""]","[""all_reduce""]",55,0,sglang_custom:all_reduce_one_shot,1285.119140625,1284.51025390625,1285.821044921875,0.0010199762607126953,"[1286.52294921875, 1283.9013671875, 1285.119140625]",1285.1180000000002,0.0010201397848292133,53138.28400000001,0.28348068221397593,60558.414086699486,0.021221149199599866,True,train,1388.3498121917232,1515.019357552468,0.17889408822878405,1220.5133382697531,0.05027222793042107,1334.7174997824834,0.0385943665373795,1285.0905749336362,2.222804910519437e-05,0.961369741301313,1334.7174997824834
deepseek-v2-lite-chunk-c2048-b1-l2048-m8-9fe316,deepseek-v2-lite,chunked_prefill,c2048,prefill,2,1,2048,8,[8],8,2048,3,55,461373440,461373440.0,110,1,1,"{""8388608"":55}","{""all_reduce:8388608"":55}","[""all_reduce""]","[""all_reduce""]",55,0,sglang_custom:all_reduce_one_shot,1285.02783203125,1284.27001953125,1285.95361328125,0.0013101613117116185,"[1286.87939453125, 1283.51220703125, 1285.02783203125]",1284.571,0.0013105542628629283,30458.337,0.25827788956435793,60153.380036354065,0.021362520796913417,True,test,1388.6400000000026,1515.6652861797763,0.17948051271695536,1221.0666615404932,0.04977415188716422,1334.996477560658,0.038885263247895756,1285.3553683633174,0.00025488656658097464,0.961369741301313,1334.996477560658
deepseek-v2-lite-chunk-c2048-b1-l2049-m8-9fe316,deepseek-v2-lite,chunked_prefill,c2048,prefill,2,1,2049,8,[8],8,2048,3,110,461598720,461598720.0,220,2,2,"{""4096"":55,""8388608"":55}","{""all_reduce:4096"":55,""all_reduce:8388608"":55}","[""all_reduce""]","[""all_reduce""]",110,0,sglang_custom:all_reduce_one_shot+sglang_custom:all_reduce_one_shot_push,1591.77197265625,1581.669677734375,1595.5712890625,0.008733418835693441,"[1591.77197265625, 1571.5673828125, 1599.37060546875]",1507.3819999999998,0.015117601245072592,43348.54199999999,0.55110103818486,118632.13405013084,0.013417713382645621,True,train,1825.9724999999844,1516.3111746793045,0.047406788957981984,1381.7381599505154,0.1319496864586975,1755.4347099482968,0.10281795389256454,1591.041372961015,0.0004589851484919884,0.961369741301313,1755.4347099482968
deepseek-v2-lite-chunk-c2048-b1-l4095-m8-9fe316,deepseek-v2-lite,chunked_prefill,c2048,prefill,2,1,4095,8,[8],8,2048,3,110,922521600,922521600.0,220,2,2,"{""8384512"":55,""8388608"":55}","{""all_reduce:8384512"":55,""all_reduce:8388608"":55}","[""all_reduce""]","[""all_reduce""]",110,0,sglang_custom:all_reduce_one_shot,2572.36865234375,2571.70263671875,2572.66162109375,0.0003728020764544169,"[2571.03662109375, 2572.95458984375, 2572.36865234375]",2572.37,0.00041207135831917285,52187.119,0.24912781638702822,116324.01775568724,0.022113822252481333,True,validation,2776.989812191726,2774.8494180016514,0.07871374325504087,2433.641557803421,0.053929709652592396,2669.7139773431413,0.03784268048465664,2562.430313125794,0.003863497251414977,0.961369741301313,2669.7139773431413
deepseek-v2-lite-chunk-c2048-b1-l4096-m8-9fe316,deepseek-v2-lite,chunked_prefill,c2048,prefill,2,1,4096,8,[8],8,2048,3,110,922746880,922746880.0,220,1,1,"{""8388608"":110}","{""all_reduce:8388608"":110}","[""all_reduce""]","[""all_reduce""]",110,0,sglang_custom:all_reduce_one_shot,2565.01318359375,2564.687255859375,2565.396484375,0.0002765009241127271,"[2565.77978515625, 2564.361328125, 2565.01318359375]",2564.2189999999996,0.0007093777871546699,33774.31,0.42596664447030913,116177.94260382652,0.022078314748098033,True,validation,2777.280000000005,2775.440811378881,0.08203763985739368,2434.193077177019,0.05100172866692388,2669.992955121316,0.040927575810929116,2563.789052551974,0.00047724161794019743,0.961369741301313,2669.992955121316
deepseek-v2-lite-chunk-c2048-b1-l4097-m8-9fe316,deepseek-v2-lite,chunked_prefill,c2048,prefill,2,1,4097,8,[8],8,2048,3,165,922972160,922972160.0,330,2,2,"{""4096"":55,""8388608"":110}","{""all_reduce:4096"":55,""all_reduce:8388608"":110}","[""all_reduce""]","[""all_reduce""]",165,0,sglang_custom:all_reduce_one_shot+sglang_custom:all_reduce_one_shot_push,2859.39453125,2849.5283203125,2864.680908203125,0.005299229513459607,"[2859.39453125, 2839.662109375, 2869.96728515625]",2822.992,0.003939437306233825,82440.337,0.2458865979647803,176751.71606242657,0.016177464043631105,True,train,3214.612499999987,2776.032186385915,0.029153844967187096,2754.4912733753467,0.036687227567996444,3090.4311875089547,0.08079915301438162,2858.6524898141865,0.0002595099863638176,0.961369741301313,3090.4311875089547
deepseek-v2-lite-chunk-c2048-b4-l2047-m8-0d8dda,deepseek-v2-lite,chunked_prefill,c2048,prefill,2,4,2047,8,"[8, 8, 8, 8]",32,2048,3,55,1844592640,1844592640.0,110,1,1,"{""33538048"":55}","{""all_reduce:33538048"":55}","[""all_reduce""]","[""all_reduce""]",55,0,nccl:all_reduce,4684.26513671875,4668.520751953125,4689.03857421875,0.004380158182078779,"[4652.7763671875, 4684.26513671875, 4693.81201171875]",4639.952999999999,0.006175924626822524,32902.991,0.059962436241738665,74786.98063641787,0.06263476740011249,True,train,4803.696409728423,5080.138052699892,0.08451121028098856,4418.471842083742,0.05674172722451662,4618.12837471066,0.014118919420179907,4684.151491747264,2.426100320305292e-05,0.961369741301313,4618.12837471066
deepseek-v2-lite-chunk-c2048-b4-l2048-m8-0d8dda,deepseek-v2-lite,chunked_prefill,c2048,prefill,2,4,2048,8,"[8, 8, 8, 8]",32,2048,3,55,1845493760,1845493760.0,110,1,1,"{""33554432"":55}","{""all_reduce:33554432"":55}","[""all_reduce""]","[""all_reduce""]",55,0,nccl:all_reduce,4680.95361328125,4666.5185546875,4688.320556640625,0.004657598377233706,"[4652.08349609375, 4695.6875, 4680.95361328125]",4671.954000000001,0.006900966918766747,24870.808999999997,0.051648561170647866,66497.23183363676,0.07039321012628154,True,validation,4804.8001155257225,5082.303969978705,0.08574115230680888,4420.474969144018,0.05564649121883555,4619.189444067483,0.013194783438682996,4685.288470426409,0.0009260628289200622,0.961369741301313,4619.189444067483
deepseek-v2-lite-chunk-c2048-b4-l2049-m8-0d8dda,deepseek-v2-lite,chunked_prefill,c2048,prefill,2,4,2049,8,"[8, 8, 8, 8]",32,2048,3,110,1846394880,1846394880.0,220,2,2,"{""16384"":55,""33554432"":55}","{""all_reduce:16384"":55,""all_reduce:33554432"":55}","[""all_reduce""]","[""all_reduce""]",110,0,nccl:all_reduce+sglang_custom:all_reduce_one_shot_push,5021.58203125,5008.262451171875,5032.703857421875,0.004867272126174131,"[4994.94287109375, 5021.58203125, 5043.82568359375]",4997.036999999999,0.0057501075137125005,78204.195,0.2569432049009645,135059.77392196655,0.037180441558796906,True,train,5218.400115525672,5084.4697527017015,0.012523487829202533,4598.182378211642,0.08431598854772931,5016.811969069658,0.0009499122289863306,5021.191235870946,7.782315943900229e-05,0.961369741301313,5016.811969069658
deepseek-v2-lite-chunk-c2048-b4-l4095-m8-0d8dda,deepseek-v2-lite,chunked_prefill,c2048,prefill,2,4,4095,8,"[8, 8, 8, 8]",32,2048,3,110,3690086400,3690086400.0,220,2,2,"{""33538048"":55,""33554432"":55}","{""all_reduce:33538048"":55,""all_reduce:33554432"":55}","[""all_reduce""]","[""all_reduce""]",110,0,nccl:all_reduce,9358.98291015625,9341.322265625,9365.8984375,0.002625944732555313,"[9358.98291015625, 9323.66162109375, 9372.81396484375]",9303.716999999999,0.003236663367985008,36886.86800000001,0.20481085572242141,132312.3099282384,0.07073403007801948,True,train,9608.496525254144,9304.579547869766,0.005812956686505607,8810.208268792796,0.05863614098150887,9237.317818778141,0.012999819803718116,9352.545947800529,0.0006877843904102042,0.961369741301313,9237.317818778141
deepseek-v2-lite-chunk-c2048-b4-l4096-m8-0d8dda,deepseek-v2-lite,chunked_prefill,c2048,prefill,2,4,4096,8,"[8, 8, 8, 8]",32,2048,3,110,3690987520,3690987520.0,220,1,1,"{""33554432"":110}","{""all_reduce:33554432"":110}","[""all_reduce""]","[""all_reduce""]",110,0,nccl:all_reduce,9327.78515625,9320.017822265625,9327.921142578125,0.0008472879874601797,"[9312.25048828125, 9328.05712890625, 9327.78515625]",9298.852,0.00016125646477669684,37573.559,0.08695535070287064,131871.79807573557,0.07073373755693343,True,train,9609.600231051445,9306.562598442264,0.002275197965244295,8812.204865429656,0.055273602702446904,9238.378888134966,0.009584940756823462,9340.83852783181,0.0013994074009158425,0.961369741301313,9238.378888134966
deepseek-v2-lite-chunk-c2048-b4-l4097-m8-0d8dda,deepseek-v2-lite,chunked_prefill,c2048,prefill,2,4,4097,8,"[8, 8, 8, 8]",32,2048,3,165,3691888640,3691888640.0,330,2,2,"{""16384"":55,""33554432"":110}","{""all_reduce:16384"":55,""all_reduce:33554432"":110}","[""all_reduce""]","[""all_reduce""]",165,0,nccl:all_reduce+sglang_custom:all_reduce_one_shot_push,9694.615234375,9688.90283203125,9703.202880859375,0.001475050683540295,"[9694.615234375, 9711.79052734375, 9683.1904296875]",9671.723,0.0050758277506500705,53441.216,0.364301759151588,199525.33952891827,0.04858839111495364,True,train,10023.200231051394,9308.545587416142,0.03982310154919189,9166.464103574777,0.05447881303504584,9636.00141313714,0.00604601831231293,9687.24446581595,0.000760295110311914,0.961369741301313,9636.00141313714
deepseek-v2-lite-chunk-c4096-b1-l4095-m8-9fe316,deepseek-v2-lite,chunked_prefill,c4096,prefill,2,1,4095,8,[8],8,4096,3,55,922521600,922521600.0,110,1,1,"{""16773120"":55}","{""all_reduce:16773120"":55}","[""all_reduce""]","[""all_reduce""]",55,0,sglang_custom:all_reduce_one_shot,2062.8203125,2044.7822265625,2063.032958984375,0.008847465923852734,"[2062.8203125, 2063.24560546875, 2026.744140625]",2062.3859999999995,0.02968988346507394,30631.452999999998,0.28320716617654407,60378.97430360317,0.03416454711747065,True,train,2166.28596720014,2774.8494180016514,0.3451726266156066,2322.7675211254864,0.12601543966301543,2082.601779871863,0.009589525201004668,2063.024213467705,9.884572421043928e-05,0.961369741301313,2082.601779871863
deepseek-v2-lite-chunk-c4096-b1-l4096-m8-9fe316,deepseek-v2-lite,chunked_prefill,c4096,prefill,2,1,4096,8,[8],8,4096,3,55,922746880,922746880.0,110,1,1,"{""16777216"":55}","{""all_reduce:16777216"":55}","[""all_reduce""]","[""all_reduce""]",55,0,sglang_custom:all_reduce_one_shot,2059.4599609375,2044.842529296875,2060.814453125,0.007755394196085424,"[2059.4599609375, 2062.1689453125, 2030.22509765625]",2057.7520000000004,0.031854421718457746,30857.054,0.38683112781926604,59775.96528828144,0.034452977062023944,True,test,2166.5599999999904,2775.440811378881,0.34765465899878656,2323.2939138821175,0.12810831866064343,2082.8652267137636,0.011364758830081428,2063.3146995113398,0.001871722998724883,0.961369741301313,2082.8652267137636
deepseek-v2-lite-chunk-c4096-b1-l4097-m8-9fe316,deepseek-v2-lite,chunked_prefill,c4096,prefill,2,1,4097,8,[8],8,4096,3,110,922972160,922972160.0,220,2,2,"{""4096"":55,""16777216"":55}","{""all_reduce:4096"":55,""all_reduce:16777216"":55}","[""all_reduce""]","[""all_reduce""]",110,0,sglang_custom:all_reduce_one_shot+sglang_custom:all_reduce_one_shot_push,2306.1025390625,2260.352294921875,2312.243896484375,0.022501862204095877,"[2318.38525390625, 2306.1025390625, 2214.60205078125]",2279.8759999999997,0.018133003724763733,69615.53399999999,0.08639685217382655,121336.25894784927,0.019005881333902592,True,train,2603.892499999972,2776.032186385915,0.20377656212739587,2628.999676022398,0.14001855142623684,2503.3034591014025,0.08551264165342387,2306.5242847941186,0.00018288247138828858,0.961369741301313,2503.3034591014025
deepseek-v2-lite-chunk-c4096-b1-l8191-m8-9fe316,deepseek-v2-lite,chunked_prefill,c4096,prefill,2,1,8191,8,[8],8,4096,3,110,1845268480,1845268480.0,220,2,2,"{""16773120"":55,""16777216"":55}","{""all_reduce:16773120"":55,""all_reduce:16777216"":55}","[""all_reduce""]","[""all_reduce""]",110,0,sglang_custom:all_reduce_one_shot,4119.7236328125,4115.95263671875,4121.738037109375,0.0014043175965848362,"[4123.75244140625, 4119.7236328125, 4112.181640625]",4118.675,0.01245048468257391,34935.262,0.359786266952857,127673.85318875313,0.03226755933121167,False,test,4332.84596720013,5081.762503276504,0.2335202446109784,4630.955437880191,0.1240937137131885,4165.467006585626,0.011103505441188445,4079.873830253579,0.009672931029044766,0.961369741301313,4165.467006585626
deepseek-v2-lite-chunk-c4096-b1-l8192-m8-9fe316,deepseek-v2-lite,chunked_prefill,c4096,prefill,2,1,8192,8,[8],8,4096,3,110,1845493760,1845493760.0,220,1,1,"{""16777216"":110}","{""all_reduce:16777216"":110}","[""all_reduce""]","[""all_reduce""]",110,0,sglang_custom:all_reduce_one_shot,4120.90673828125,4118.652587890625,4121.466064453125,0.0006827324036149982,"[4120.90673828125, 4122.025390625, 4116.3984375]",4118.4490000000005,0.008419067469331042,37249.918,0.13914923248958583,129795.09681463242,0.031749325201140266,False,train,4333.119999999981,5082.303969978705,0.23329749804006367,4631.480116841835,0.1238983095195053,4165.730453427527,0.010877148645439209,4120.618921041317,6.984318214716259e-05,0.961369741301313,4165.730453427527
deepseek-v2-lite-chunk-c4096-b1-l8193-m8-9fe316,deepseek-v2-lite,chunked_prefill,c4096,prefill,2,1,8193,8,[8],8,4096,3,165,1845719040,1845719040.0,330,2,2,"{""4096"":55,""16777216"":110}","{""all_reduce:4096"":55,""all_reduce:16777216"":110}","[""all_reduce""]","[""all_reduce""]",165,0,sglang_custom:all_reduce_one_shot+sglang_custom:all_reduce_one_shot_push,4466.3935546875,4451.252197265625,4483.333740234375,0.007182874186060088,"[4500.27392578125, 4466.3935546875, 4436.11083984375]",4410.376,0.005724568608209252,50481.74,0.33544171615320706,191774.58249032497,0.023289809820927803,False,validation,4770.452499999963,5082.845428271174,0.1380200526522578,5240.903724632734,0.17340840220682802,4586.168685815166,0.026816967573751214,4417.670559211846,0.01090880032829149,0.961369741301313,4586.168685815166
deepseek-v2-lite-chunk-c4096-b4-l4095-m8-0d8dda,deepseek-v2-lite,chunked_prefill,c4096,prefill,2,4,4095,8,"[8, 8, 8, 8]",32,4096,3,55,3690086400,3690086400.0,110,1,1,"{""67092480"":55}","{""all_reduce:67092480"":55}","[""all_reduce""]","[""all_reduce""]",55,0,nccl:all_reduce,8369.2412109375,8315.506591796875,8370.270751953125,0.006543503619501422,"[8369.2412109375, 8371.30029296875, 8261.77197265625]",8313.48,0.005702485601697624,9538.623,0.09837877018517216,87952.7973011136,0.0951560549266525,True,validation,8536.444870032175,9304.579547869766,0.11175903685389077,8408.824855692294,0.004729657534910446,8206.679796335753,0.01942367420230409,8356.899717932152,0.001474625081807777,0.961369741301313,8206.679796335753
deepseek-v2-lite-chunk-c4096-b4-l4096-m8-0d8dda,deepseek-v2-lite,chunked_prefill,c4096,prefill,2,4,4096,8,"[8, 8, 8, 8]",32,4096,3,55,3690987520,3690987520.0,110,1,1,"{""67108864"":55}","{""all_reduce:67108864"":55}","[""all_reduce""]","[""all_reduce""]",55,0,nccl:all_reduce,8366.49267578125,8341.106201171875,8372.45556640625,0.0037470140056565155,"[8366.49267578125, 8378.41845703125, 8315.7197265625]",8333.067,0.006301101383200173,11093.953999999998,0.04429637981192283,88283.89178961515,0.09476805458145199,True,train,8537.759855389595,9306.562598442264,0.11236129153405752,8410.730489579084,0.0052874980606736855,8207.94398346863,0.01895043699393594,8358.22029952717,0.000988750791359346,0.961369741301313,8207.94398346863
deepseek-v2-lite-chunk-c4096-b4-l4097-m8-0d8dda,deepseek-v2-lite,chunked_prefill,c4096,prefill,2,4,4097,8,"[8, 8, 8, 8]",32,4096,3,110,3691888640,3691888640.0,220,2,2,"{""16384"":55,""67108864"":55}","{""all_reduce:16384"":55,""all_reduce:67108864"":55}","[""all_reduce""]","[""all_reduce""]",110,0,nccl:all_reduce+sglang_custom:all_reduce_one_shot_push,8703.27783203125,8688.337158203125,8756.49609375,0.007831409827688731,"[8809.71435546875, 8703.27783203125, 8673.396484375]",8618.019999999999,0.0014226005509386402,16821.239,0.28700796059077455,154211.30880713463,0.05643735144558082,True,test,8951.359855389544,9308.545587416142,0.06954480450541113,8748.850065892077,0.005236214991678662,8605.566508470805,0.011226956722079039,8694.127955652822,0.0010513138331345244,0.961369741301313,8605.566508470805
deepseek-v2-lite-chunk-c4096-b4-l8191-m8-0d8dda,deepseek-v2-lite,chunked_prefill,c4096,prefill,2,4,8191,8,"[8, 8, 8, 8]",32,4096,3,110,7381073920,7381073920.0,220,2,2,"{""67092480"":55,""67108864"":55}","{""all_reduce:67092480"":55,""all_reduce:67108864"":55}","[""all_reduce""]","[""all_reduce""]",110,0,nccl:all_reduce,16831.55712890625,16828.89013671875,16832.58349609375,0.00021943064130751654,"[16833.60986328125, 16826.22314453125, 16831.55712890625]",16750.769999999997,0.002028742559297068,19712.592000000004,0.030628163967478073,187103.59558463097,0.08995849105044577,False,train,17074.20472542177,17040.082667241495,0.012388962990068614,16764.86899880255,0.003962089163406639,16414.623779804384,0.024770931525154694,16849.700070506715,0.001077912249087545,0.961369741301313,16414.623779804384
deepseek-v2-lite-chunk-c4096-b4-l8192-m8-0d8dda,deepseek-v2-lite,chunked_prefill,c4096,prefill,2,4,8192,8,"[8, 8, 8, 8]",32,4096,3,110,7381975040,7381975040.0,220,1,1,"{""67108864"":110}","{""all_reduce:67108864"":110}","[""all_reduce""]","[""all_reduce""]",110,0,nccl:all_reduce,16830.9833984375,16725.694091796875,16847.94580078125,0.007263491745569912,"[16864.908203125, 16830.9833984375, 16620.40478515625]",16728.378999999997,0.008100844678375546,19630.406000000003,0.016249918621143337,187492.40040779114,0.08976888322849644,False,train,17075.51971077919,17041.898304506118,0.01253134775762407,16766.768428451567,0.003815283306137312,16415.88796693726,0.024662577442668827,16818.47765930618,0.0007430189214304177,0.961369741301313,16415.88796693726
deepseek-v2-lite-chunk-c4096-b4-l8193-m8-0d8dda,deepseek-v2-lite,chunked_prefill,c4096,prefill,2,4,8193,8,"[8, 8, 8, 8]",32,4096,3,165,7382876160,7382876160.0,330,2,2,"{""16384"":55,""67108864"":110}","{""all_reduce:16384"":55,""all_reduce:67108864"":110}","[""all_reduce""]","[""all_reduce""]",165,0,nccl:all_reduce+sglang_custom:all_reduce_one_shot_push,17264.51513671875,17213.724365234375,17288.58837890625,0.0043362940157324024,"[17312.66162109375, 17264.51513671875, 17162.93359375]",17123.577999999998,0.0033112530570423224,40117.39599999999,0.4322833790109409,255873.20141494274,0.06747293206654083,False,test,17489.119710779138,17043.713913571333,0.012789309250730668,17440.80888714775,0.010211335159598604,16813.510491939433,0.02612321523122915,17335.37657869855,0.004104455955967688,0.961369741301313,16813.510491939433
deepseek-v2-lite-mixed-balanced,deepseek-v2-lite,mixed_same_coarse,balanced,decode,2,8,512,64,"[16, 16, 16, 16, 32, 32, 64, 64]",256,0,3,3465,55869440,55869440.0,6930,3,3,"{""8192"":1760,""16384"":880,""32768"":825}","{""all_reduce:8192"":1760,""all_reduce:16384"":880,""all_reduce:32768"":825}","[""all_reduce""]","[""all_reduce""]",3465,0,sglang_custom:all_reduce_one_shot_push,21891.82373046875,21487.984619140625,22362.7763671875,0.03995974747546279,"[21891.82373046875, 21084.1455078125, 22833.72900390625]",19290.324,0.1459972885888284,1798271.88,0.273241451398328,3726553.1355515122,0.005874550270495167,True,train,26974.639999998217,25991.447283135814,0.18726733794047787,27868.140881915464,0.2729931149193822,21891.82373046875,0.0,21550.132740690788,0.0156081555371927,0.8115705614781216,21891.82373046875
deepseek-v2-lite-mixed-bimodal,deepseek-v2-lite,mixed_same_coarse,bimodal,decode,2,8,512,64,"[8, 8, 16, 16, 16, 64, 64, 64]",256,0,3,3465,55869440,55869440.0,6930,3,3,"{""12288"":2640,""24576"":440,""32768"":385}","{""all_reduce:12288"":2640,""all_reduce:24576"":440,""all_reduce:32768"":385}","[""all_reduce""]","[""all_reduce""]",3465,0,sglang_custom:all_reduce_one_shot_push,22109.64501953125,19288.15478515625,22113.59130859375,0.12779203469533598,"[16466.66455078125, 22117.53759765625, 22109.64501953125]",16192.227,0.23240669736164152,1966242.163,0.25687438048290917,3752520.7325816154,0.005891944800614203,True,test,26652.93174973715,25991.447283135814,0.17557053766242978,27868.140881915464,0.260451755661263,21630.73478517223,0.021660693056625734,18045.747949728735,0.18380652725145716,0.8115705614781216,21630.73478517223
deepseek-v2-lite-mixed-staircase,deepseek-v2-lite,mixed_same_coarse,staircase,decode,2,8,512,64,"[16, 16, 16, 24, 32, 40, 48, 64]",256,0,3,3465,55869440,55869440.0,6930,6,6,"{""4096"":880,""8192"":440,""12288"":440,""16384"":440,""20480"":440,""32768"":825}","{""all_reduce:4096"":880,""all_reduce:8192"":440,""all_reduce:12288"":440,""all_reduce:16384"":440,""all_reduce:20480"":440,""all_reduce:32768"":825}","[""all_reduce""]","[""all_reduce""]",3465,0,sglang_custom:all_reduce_one_shot_push,21084.54296875,20535.4658203125,21720.525634765625,0.0562051459312889,"[21084.54296875, 19986.388671875, 22356.50830078125]",15742.119000000002,0.17330973676415484,2144199.8310000002,0.29141877774917146,4449783.440679312,0.004738330134450588,True,validation,26890.775505067293,25991.447283135814,0.2327251921779133,27868.140881915464,0.3217332205502214,21823.76177522958,0.03505975005363873,22408.478133425135,0.0627917411649556,0.8115705614781216,21823.76177522958
qwen3-30b-a3b-chunk-c1024-b1-l1023-m8-9fe316,qwen3-30b-a3b,chunked_prefill,c1024,prefill,2,1,1023,8,[8],8,1024,3,97,406450176,406450176.0,194,1,2,"{""4190208"":97}","{""all_reduce:4190208"":2,""fused_allreduce_residual_rmsnorm:4190208"":95}","[""all_reduce"",""fused_allreduce_residual_rmsnorm""]","[""all_reduce""]",2,95,flashinfer_mnnvl:fused_allreduce_residual_rmsnorm_twoshot+sglang_custom:all_reduce_one_shot_push,1470.548828125,1430.231689453125,1473.648193359375,0.0295240138075575,"[1389.91455078125, 1470.548828125, 1476.74755859375]",1467.7649999999999,0.04993442410740149,55905.87700000001,0.4275807085541292,72978.87280583382,0.020150336276603148,False,train,1722.2474669444068,1356.9432186416327,0.07725388461137896,1555.7963598805015,0.05796987500523533,1655.716601753186,0.12591746026160947,1470.344045737535,0.00013925575509526373,0.961369741301313,1655.716601753186
qwen3-30b-a3b-chunk-c1024-b1-l1024-m8-9fe316,qwen3-30b-a3b,chunked_prefill,c1024,prefill,2,1,1024,8,[8],8,1024,3,97,406847488,406847488.0,194,1,2,"{""4194304"":97}","{""all_reduce:4194304"":2,""fused_allreduce_residual_rmsnorm:4194304"":95}","[""all_reduce"",""fused_allreduce_residual_rmsnorm""]","[""all_reduce""]",2,95,flashinfer_mnnvl:fused_allreduce_residual_rmsnorm_twoshot+sglang_custom:all_reduce_one_shot_push,1457.69677734375,1411.15771484375,1459.013427734375,0.03282967598915107,"[1364.61865234375, 1457.69677734375, 1460.330078125]",1455.19,0.048650348064513876,61066.016,0.3567586511620473,71416.25694930553,0.020411273841731702,False,test,1722.7200000000212,1358.100813878519,0.06832419815506297,1557.2547854104262,0.0682981602306161,1656.1708807346183,0.13615595950793868,1470.7760206721373,0.008972540470467805,0.961369741301313,1656.1708807346183
qwen3-30b-a3b-chunk-c1024-b1-l1025-m8-9fe316,qwen3-30b-a3b,chunked_prefill,c1024,prefill,2,1,1025,8,[8],8,1024,3,194,407244800,407244800.0,388,2,4,"{""4096"":97,""4194304"":97}","{""all_reduce:4096"":2,""all_reduce:4194304"":2,""fused_allreduce_residual_rmsnorm:4096"":95,""fused_allreduce_residual_rmsnorm:4194304"":95}","[""all_reduce"",""fused_allreduce_residual_rmsnorm""]","[""all_reduce""]",4,190,flashinfer_mnnvl:fused_allreduce_residual_rmsnorm+flashinfer_mnnvl:fused_allreduce_residual_rmsnorm_twoshot+sglang_custom:all_reduce_one_shot_push,2230.83935546875,2191.523681640625,2234.19140625,0.019126309792221477,"[2152.2080078125, 2237.54345703125, 2230.83935546875]",2200.368,0.04898407902678114,83125.50899999999,0.20137754585057646,145470.02781182528,0.015335388251623094,False,train,2494.015499999989,1359.2582652905564,0.3906964829366006,1921.9524847194052,0.13846217567936023,2397.6710360364546,0.07478426456783098,2228.1433201768104,0.0012085295542820715,0.961369741301313,2397.6710360364546
qwen3-30b-a3b-chunk-c1024-b1-l2047-m8-9fe316,qwen3-30b-a3b,chunked_prefill,c1024,prefill,2,1,2047,8,[8],8,1024,3,194,813297664,813297664.0,388,2,4,"{""4190208"":97,""4194304"":97}","{""all_reduce:4190208"":2,""all_reduce:4194304"":2,""fused_allreduce_residual_rmsnorm:4190208"":95,""fused_allreduce_residual_rmsnorm:4194304"":95}","[""all_reduce"",""fused_allreduce_residual_rmsnorm""]","[""all_reduce""]",4,190,flashinfer_mnnvl:fused_allreduce_residual_rmsnorm_twoshot+sglang_custom:all_reduce_one_shot_push,2933.361328125,2913.234619140625,2935.707763671875,0.007661226155734043,"[2893.10791015625, 2933.361328125, 2938.05419921875]",2925.9669999999996,0.03159946779987602,89094.48800000001,0.2619648703744726,139984.41491276026,0.020954913659160565,True,train,3444.967466944428,2485.8536314539115,0.15255798608251742,3035.103544196503,0.034684515370132285,3311.8874824878044,0.12904177563585653,2932.441649004687,0.00031352398066177077,0.961369741301313,3311.8874824878044
qwen3-30b-a3b-chunk-c1024-b1-l2048-m8-9fe316,qwen3-30b-a3b,chunked_prefill,c1024,prefill,2,1,2048,8,[8],8,1024,3,194,813694976,813694976.0,388,1,2,"{""4194304"":194}","{""all_reduce:4194304"":4,""fused_allreduce_residual_rmsnorm:4194304"":190}","[""all_reduce"",""fused_allreduce_residual_rmsnorm""]","[""all_reduce""]",4,190,flashinfer_mnnvl:fused_allreduce_residual_rmsnorm_twoshot+sglang_custom:all_reduce_one_shot_push,2949.99267578125,2949.344482421875,2951.51318359375,0.0007351547648506145,"[2948.6962890625, 2953.03369140625, 2949.99267578125]",2946.9339999999997,0.00047829371136230155,85546.592,0.16284696063637463,138168.95335912704,0.021350618963680394,True,validation,3445.4400000000423,2486.913475354499,0.15697638988344714,3036.525438003186,0.029333212564339507,3312.3417614692366,0.1228305035001571,2952.569901922842,0.0008736381492572034,0.961369741301313,3312.3417614692366
qwen3-30b-a3b-chunk-c1024-b1-l2049-m8-9fe316,qwen3-30b-a3b,chunked_prefill,c1024,prefill,2,1,2049,8,[8],8,1024,3,291,814092288,814092288.0,582,2,4,"{""4096"":97,""4194304"":194}","{""all_reduce:4096"":2,""all_reduce:4194304"":4,""fused_allreduce_residual_rmsnorm:4096"":95,""fused_allreduce_residual_rmsnorm:4194304"":190}","[""all_reduce"",""fused_allreduce_residual_rmsnorm""]","[""all_reduce""]",6,285,flashinfer_mnnvl:fused_allreduce_residual_rmsnorm+flashinfer_mnnvl:fused_allreduce_residual_rmsnorm_twoshot+sglang_custom:all_reduce_one_shot_push,3680.0634765625,3654.676025390625,3694.81103515625,0.01090606453427662,"[3629.28857421875, 3709.55859375, 3680.0634765625]",3656.7870000000003,0.01521554304366097,125040.92199999999,0.3595901228239505,212693.7499269843,0.01730217026981672,True,train,4216.73550000001,2487.973253413155,0.3239319731144587,3747.6575221733715,0.018367630352400938,4053.841916771072,0.1015684763562051,3676.1565046330225,0.0010616588421260063,0.961369741301313,4053.841916771072
qwen3-30b-a3b-chunk-c1024-b4-l1023-m8-0d8dda,qwen3-30b-a3b,chunked_prefill,c1024,prefill,2,4,1023,8,"[8, 8, 8, 8]",32,1024,3,97,1625800704,1625800704.0,194,1,1,"{""16760832"":97}","{""all_reduce:16760832"":97}","[""all_reduce""]","[""all_reduce""]",97,0,sglang_custom:all_reduce_one_shot,3643.80078125,3636.162841796875,3651.2021484375,0.004127367971930065,"[3658.603515625, 3628.52490234375, 3643.80078125]",3643.285,0.004254813993415367,55585.066000000006,0.3170086997827798,77342.40032732487,0.04711258980622372,False,test,3819.09011471682,4550.079736402908,0.24871803085842967,4082.716707997446,0.12045552243305592,3671.5576755917114,0.007617566384128553,3650.801258189206,0.001921201887663101,0.961369741301313,3671.5576755917114
qwen3-30b-a3b-chunk-c1024-b4-l1024-m8-0d8dda,qwen3-30b-a3b,chunked_prefill,c1024,prefill,2,4,1024,8,"[8, 8, 8, 8]",32,1024,3,97,1627389952,1627389952.0,194,1,1,"{""16777216"":97}","{""all_reduce:16777216"":97}","[""all_reduce""]","[""all_reduce""]",97,0,sglang_custom:all_reduce_one_shot,3652.9736328125,3639.480224609375,3654.524658203125,0.00411840738696134,"[3656.07568359375, 3625.98681640625, 3652.9736328125]",3652.9719999999998,0.004137863635417924,54935.359,0.030384456029494536,76292.21305251122,0.04788134314963694,False,train,3821.023999999983,4553.96136576489,0.24664501403989073,4086.4202751437847,0.11865583655953332,3673.416854386092,0.005596323332301818,3652.7758767297937,5.4135644705991246e-05,0.961369741301313,3673.416854386092
qwen3-30b-a3b-chunk-c1024-b4-l1025-m8-0d8dda,qwen3-30b-a3b,chunked_prefill,c1024,prefill,2,4,1025,8,"[8, 8, 8, 8]",32,1024,3,194,1628979200,1628979200.0,388,2,3,"{""16384"":97,""16777216"":97}","{""all_reduce:16384"":2,""all_reduce:16777216"":97,""fused_allreduce_residual_rmsnorm:16384"":95}","[""all_reduce"",""fused_allreduce_residual_rmsnorm""]","[""all_reduce""]",99,95,flashinfer_mnnvl:fused_allreduce_residual_rmsnorm+sglang_custom:all_reduce_one_shot+sglang_custom:all_reduce_one_shot_push,4271.89697265625,4242.962158203125,4275.240966796875,0.007556083117257193,"[4214.02734375, 4278.5849609375, 4271.89697265625]",4251.786,0.03233311836484716,71722.454,0.17777733873969243,147763.67228478193,0.028910333010830357,False,train,4550.463999999893,4557.842512855748,0.06693643176082928,4636.143223364724,0.08526569180857065,4374.678398480835,0.024059902774452024,4268.321742938568,0.000836918526024105,0.961369741301313,4374.678398480835
qwen3-30b-a3b-chunk-c1024-b4-l2047-m8-0d8dda,qwen3-30b-a3b,chunked_prefill,c1024,prefill,2,4,2047,8,"[8, 8, 8, 8]",32,1024,3,194,3253190656,3253190656.0,388,2,2,"{""16760832"":97,""16777216"":97}","{""all_reduce:16760832"":97,""all_reduce:16777216"":97}","[""all_reduce""]","[""all_reduce""]",194,0,sglang_custom:all_reduce_one_shot,7276.49267578125,7160.69677734375,7277.778076171875,0.01609034792514986,"[7044.90087890625, 7276.49267578125, 7279.0634765625]",7270.975,0.031022730789199482,84665.22399999999,0.29470883464502495,148864.68183249235,0.04887991285917642,True,train,7640.114114716804,8335.523616512874,0.14554140132050905,8144.715086511792,0.1193188050089426,7344.974529977804,0.00941138227548639,7273.382713154862,0.00042739857854027683,0.961369741301313,7344.974529977804
qwen3-30b-a3b-chunk-c1024-b4-l2048-m8-0d8dda,qwen3-30b-a3b,chunked_prefill,c1024,prefill,2,4,2048,8,"[8, 8, 8, 8]",32,1024,3,194,3254779904,3254779904.0,388,1,1,"{""16777216"":194}","{""all_reduce:16777216"":194}","[""all_reduce""]","[""all_reduce""]",194,0,sglang_custom:all_reduce_one_shot,7255.67431640625,7142.0380859375,7268.900390625,0.017484564377516762,"[7028.40185546875, 7255.67431640625, 7282.12646484375]",7253.312,0.03060746594107633,99292.47700000001,0.07707865420660213,153752.77772545815,0.047190525099728764,True,test,7642.047999999966,8339.07746769683,0.14931805150636807,8148.407516785191,0.12303931536181646,7346.833708772184,0.01256387599424188,7374.670205185408,0.016400390038192485,0.961369741301313,7346.833708772184
qwen3-30b-a3b-chunk-c1024-b4-l2049-m8-0d8dda,qwen3-30b-a3b,chunked_prefill,c1024,prefill,2,4,2049,8,"[8, 8, 8, 8]",32,1024,3,291,3256369152,3256369152.0,582,2,3,"{""16384"":97,""16777216"":194}","{""all_reduce:16384"":2,""all_reduce:16777216"":194,""fused_allreduce_residual_rmsnorm:16384"":95}","[""all_reduce"",""fused_allreduce_residual_rmsnorm""]","[""all_reduce""]",196,95,flashinfer_mnnvl:fused_allreduce_residual_rmsnorm+sglang_custom:all_reduce_one_shot+sglang_custom:all_reduce_one_shot_push,7919.27880859375,7791.41748046875,7942.197509765625,0.0190396162253125,"[7663.55615234375, 7919.27880859375, 7965.1162109375]",7889.496999999999,0.03309450526440396,141406.457,0.07691057558991081,221931.10827356577,0.03568350047994158,True,validation,8371.487999999876,8342.631098100726,0.05345843980736831,9244.566575773613,0.1673495528079783,8048.095252866927,0.01626618375064523,7996.0100236729,0.009689167023123887,0.961369741301313,8048.095252866927
qwen3-30b-a3b-chunk-c2048-b1-l2047-m8-9fe316,qwen3-30b-a3b,chunked_prefill,c2048,prefill,2,1,2047,8,[8],8,2048,3,97,813297664,813297664.0,194,1,2,"{""8384512"":97}","{""all_reduce:8384512"":2,""fused_allreduce_residual_rmsnorm:8384512"":95}","[""all_reduce"",""fused_allreduce_residual_rmsnorm""]","[""all_reduce""]",2,95,flashinfer_mnnvl:fused_allreduce_residual_rmsnorm_twoshot+sglang_custom:all_reduce_one_shot,2316.0634765625,2315.33056640625,2322.54052734375,0.003113023891815357,"[2316.0634765625, 2314.59765625, 2329.017578125]",2315.4790000000003,0.003006937225515796,63573.67800000001,0.03155806086915409,78565.12814760208,0.029479535401651217,True,train,2448.5442142290394,2485.8536314539115,0.07330980200223783,2146.749672787186,0.07310412926445767,2353.9563177981986,0.016360881996178762,2315.8973135034385,7.174374137109793e-05,0.961369741301313,2353.9563177981986
qwen3-30b-a3b-chunk-c2048-b1-l2048-m8-9fe316,qwen3-30b-a3b,chunked_prefill,c2048,prefill,2,1,2048,8,[8],8,2048,3,97,813694976,813694976.0,194,1,2,"{""8388608"":97}","{""all_reduce:8388608"":2,""fused_allreduce_residual_rmsnorm:8388608"":95}","[""all_reduce"",""fused_allreduce_residual_rmsnorm""]","[""all_reduce""]",2,95,flashinfer_mnnvl:fused_allreduce_residual_rmsnorm_twoshot+sglang_custom:all_reduce_one_shot,2320.8193359375,2316.54443359375,2320.884765625,0.0018701722982227367,"[2312.26953125, 2320.8193359375, 2320.9501953125]",2320.818,0.0018665832478032894,53220.13100000001,0.2260081434222701,71872.66647815704,0.03229070868885635,True,validation,2449.0560000000046,2486.913475354499,0.07156702671554784,2147.7229079942776,0.07458418898138819,2354.448333152433,0.01449014005277944,2316.350205467931,0.0019256692670407997,0.961369741301313,2354.448333152433
qwen3-30b-a3b-chunk-c2048-b1-l2049-m8-9fe316,qwen3-30b-a3b,chunked_prefill,c2048,prefill,2,1,2049,8,[8],8,2048,3,194,814092288,814092288.0,388,2,4,"{""4096"":97,""8388608"":97}","{""all_reduce:4096"":2,""all_reduce:8388608"":2,""fused_allreduce_residual_rmsnorm:4096"":95,""fused_allreduce_residual_rmsnorm:8388608"":95}","[""all_reduce"",""fused_allreduce_residual_rmsnorm""]","[""all_reduce""]",4,190,flashinfer_mnnvl:fused_allreduce_residual_rmsnorm+flashinfer_mnnvl:fused_allreduce_residual_rmsnorm_twoshot+sglang_custom:all_reduce_one_shot+sglang_custom:all_reduce_one_shot_push,3234.51513671875,3224.878173828125,3243.14453125,0.005647324761140331,"[3215.2412109375, 3234.51513671875, 3251.77392578125]",3215.947,0.00454220794061596,103603.419,0.10940963734025028,145436.36981397867,0.02224007062920972,True,train,3220.3514999999725,2487.973253413155,0.23080488164384466,2650.703929877766,0.18049419531646735,3095.948488454269,0.04284000612377712,3231.633950107929,0.0008907630630981128,0.961369741301313,3095.948488454269
qwen3-30b-a3b-chunk-c2048-b1-l4095-m8-9fe316,qwen3-30b-a3b,chunked_prefill,c2048,prefill,2,1,4095,8,[8],8,2048,3,194,1626992640,1626992640.0,388,2,4,"{""8384512"":97,""8388608"":97}","{""all_reduce:8384512"":2,""all_reduce:8388608"":2,""fused_allreduce_residual_rmsnorm:8384512"":95,""fused_allreduce_residual_rmsnorm:8388608"":95}","[""all_reduce"",""fused_allreduce_residual_rmsnorm""]","[""all_reduce""]",4,190,flashinfer_mnnvl:fused_allreduce_residual_rmsnorm_twoshot+sglang_custom:all_reduce_one_shot,4625.01123046875,4622.370361328125,4632.13037109375,0.0021102672575858397,"[4625.01123046875, 4639.24951171875, 4619.7294921875]",4623.091,0.002263853339681254,81721.655,0.22329554510368152,140690.84078073502,0.03287357730470013,True,train,4897.600214229044,4552.991003658061,0.015571903120198332,4281.634090651905,0.07424352562751356,4708.404650950631,0.01803096605095781,4623.828814311171,0.0002556569267960158,0.961369741301313,4708.404650950631
qwen3-30b-a3b-chunk-c2048-b1-l4096-m8-9fe316,qwen3-30b-a3b,chunked_prefill,c2048,prefill,2,1,4096,8,[8],8,2048,3,194,1627389952,1627389952.0,388,1,2,"{""8388608"":194}","{""all_reduce:8388608"":4,""fused_allreduce_residual_rmsnorm:8388608"":190}","[""all_reduce"",""fused_allreduce_residual_rmsnorm""]","[""all_reduce""]",4,190,flashinfer_mnnvl:fused_allreduce_residual_rmsnorm_twoshot+sglang_custom:all_reduce_one_shot,4628.373046875,4626.95703125,4640.80322265625,0.002991589326534238,"[4625.541015625, 4628.373046875, 4653.2333984375]",4627.798999999999,0.003009097845433712,92067.12000000001,0.2300516514473355,140184.62598323822,0.033016267043637235,True,train,4898.112000000009,4553.96136576489,0.016077286847124783,4282.604407806941,0.07470630296352547,4708.896666304866,0.017397823946847607,4626.392263685667,0.0004279653280477285,0.961369741301313,4708.896666304866
qwen3-30b-a3b-chunk-c2048-b1-l4097-m8-9fe316,qwen3-30b-a3b,chunked_prefill,c2048,prefill,2,1,4097,8,[8],8,2048,3,291,1627787264,1627787264.0,582,2,4,"{""4096"":97,""8388608"":194}","{""all_reduce:4096"":2,""all_reduce:8388608"":4,""fused_allreduce_residual_rmsnorm:4096"":95,""fused_allreduce_residual_rmsnorm:8388608"":190}","[""all_reduce"",""fused_allreduce_residual_rmsnorm""]","[""all_reduce""]",6,285,flashinfer_mnnvl:fused_allreduce_residual_rmsnorm+flashinfer_mnnvl:fused_allreduce_residual_rmsnorm_twoshot+sglang_custom:all_reduce_one_shot+sglang_custom:all_reduce_one_shot_push,5544.94580078125,5537.8955078125,5549.892822265625,0.0021636486422346364,"[5544.94580078125, 5554.83984375, 5530.84521484375]",5506.508,0.0022181026523522772,166681.608,0.2360722455953269,218994.37811225653,0.025320037201771957,True,validation,5669.4074999999775,4554.931697729789,0.17854351306950078,5285.559087548712,0.04677894474568022,5450.396821606702,0.017051380224713152,5643.246480495646,0.017727978459328896,0.961369741301313,5450.396821606702
qwen3-30b-a3b-chunk-c2048-b4-l2047-m8-0d8dda,qwen3-30b-a3b,chunked_prefill,c2048,prefill,2,4,2047,8,"[8, 8, 8, 8]",32,2048,3,97,3253190656,3253190656.0,194,1,1,"{""33538048"":97}","{""all_reduce:33538048"":97}","[""all_reduce""]","[""all_reduce""]",97,0,nccl:all_reduce,8350.1376953125,8342.1923828125,8355.434814453125,0.0015858938048481377,"[8360.73193359375, 8350.1376953125, 8334.2470703125]",8347.669,0.002771612051220589,40741.604,0.2727396054411604,83551.97589844465,0.09993944015712908,True,train,8471.973668066492,8335.523616512874,0.0017501602168584977,7771.609444972025,0.06928367788057463,8144.69913358062,0.02460301485174394,8336.96861512366,0.0015771093447036894,0.961369741301313,8144.69913358062
qwen3-30b-a3b-chunk-c2048-b4-l2048-m8-0d8dda,qwen3-30b-a3b,chunked_prefill,c2048,prefill,2,4,2048,8,"[8, 8, 8, 8]",32,2048,3,97,3254779904,3254779904.0,194,1,1,"{""33554432"":97}","{""all_reduce:33554432"":97}","[""all_reduce""]","[""all_reduce""]",97,0,nccl:all_reduce,8341.7998046875,8337.450927734375,8373.89013671875,0.004368267021212706,"[8333.10205078125, 8405.98046875, 8341.7998046875]",8339.521,0.0043779492850970735,46120.01700000001,0.012610294571227055,82281.04468435049,0.10138179257067789,True,train,8473.920203745365,8339.07746769683,0.0003263488760710711,7775.132726717653,0.06793103301896795,8146.570474082651,0.02340374201921552,8338.902770681718,0.00034729124093271346,0.961369741301313,8146.570474082651
qwen3-30b-a3b-chunk-c2048-b4-l2049-m8-0d8dda,qwen3-30b-a3b,chunked_prefill,c2048,prefill,2,4,2049,8,"[8, 8, 8, 8]",32,2048,3,194,3256369152,3256369152.0,388,2,3,"{""16384"":97,""33554432"":97}","{""all_reduce:16384"":2,""all_reduce:33554432"":97,""fused_allreduce_residual_rmsnorm:16384"":95}","[""all_reduce"",""fused_allreduce_residual_rmsnorm""]","[""all_reduce""]",99,95,flashinfer_mnnvl:fused_allreduce_residual_rmsnorm+nccl:all_reduce+sglang_custom:all_reduce_one_shot_push,9026.42578125,9018.162353515625,9028.388916015625,0.0011329581329126933,"[9030.35205078125, 9026.42578125, 9009.89892578125]",9002.33,0.0010254012016886682,105902.57,0.23863501140718318,156067.52131134272,0.05783667034246654,True,train,9203.360203745275,8342.631098100726,0.07575475605966597,8821.077244793429,0.022749706410163845,8847.832018177394,0.01978565684809449,9021.538083628266,0.0005414875987666375,0.961369741301313,8847.832018177394
qwen3-30b-a3b-chunk-c2048-b4-l4095-m8-0d8dda,qwen3-30b-a3b,chunked_prefill,c2048,prefill,2,4,4095,8,"[8, 8, 8, 8]",32,2048,3,194,6507970560,6507970560.0,388,2,2,"{""33538048"":97,""33554432"":97}","{""all_reduce:33538048"":97,""all_reduce:33554432"":97}","[""all_reduce""]","[""all_reduce""]",194,0,nccl:all_reduce,16721.39111328125,16710.2119140625,16774.6982421875,0.003856516942168803,"[16721.39111328125, 16828.00537109375, 16699.03271484375]",16710.453,0.003366784850177112,62641.723,0.21592885463894398,162820.6567838788,0.10269821682071036,True,train,16945.89387181186,15267.01474770329,0.08697699585669025,15500.264597625139,0.07302780656127413,16291.269607663273,0.025722830277939365,16719.858822825052,9.163654182940854e-05,0.961369741301313,16291.269607663273
qwen3-30b-a3b-chunk-c2048-b4-l4096-m8-0d8dda,qwen3-30b-a3b,chunked_prefill,c2048,prefill,2,4,4096,8,"[8, 8, 8, 8]",32,2048,3,194,6509559808,6509559808.0,388,1,1,"{""33554432"":194}","{""all_reduce:33554432"":194}","[""all_reduce""]","[""all_reduce""]",194,0,nccl:all_reduce,16758.197265625,16739.63232421875,16766.630859375,0.0016110644079617286,"[16758.197265625, 16721.0673828125, 16775.064453125]",16749.822,0.0015119563658647075,81472.06700000001,0.14410940377884363,161537.51220554113,0.10374183084051578,True,train,16947.84040749073,15270.268550003953,0.08878811318644267,15503.777315511652,0.07485411051261809,16293.140948165303,0.027750975244433783,16758.311511862357,6.817334558511161e-06,0.961369741301313,16293.140948165303
qwen3-30b-a3b-chunk-c2048-b4-l4097-m8-0d8dda,qwen3-30b-a3b,chunked_prefill,c2048,prefill,2,4,4097,8,"[8, 8, 8, 8]",32,2048,3,291,6511149056,6511149056.0,582,2,3,"{""16384"":97,""33554432"":194}","{""all_reduce:16384"":2,""all_reduce:33554432"":194,""fused_allreduce_residual_rmsnorm:16384"":95}","[""all_reduce"",""fused_allreduce_residual_rmsnorm""]","[""all_reduce""]",196,95,flashinfer_mnnvl:fused_allreduce_residual_rmsnorm+nccl:all_reduce+sglang_custom:all_reduce_one_shot_push,17435.74072265625,17402.029296875,17531.0576171875,0.007400220177903813,"[17626.37451171875, 17435.74072265625, 17368.31787109375]",17402.511,0.0074108558241970076,146561.202,0.04531050448126093,240134.48506593704,0.07260823333170444,True,train,17677.28040749064,15273.522251233115,0.12401070340610869,17589.4125660719,0.008813611412331149,16994.402492260047,0.025312273072673155,17427.123977234463,0.0004942001351620178,0.961369741301313,16994.402492260047
qwen3-30b-a3b-chunk-c4096-b1-l4095-m8-9fe316,qwen3-30b-a3b,chunked_prefill,c4096,prefill,2,1,4095,8,[8],8,4096,3,97,1626992640,1626992640.0,194,1,1,"{""16773120"":97}","{""all_reduce:16773120"":97}","[""all_reduce""]","[""all_reduce""]",97,0,sglang_custom:all_reduce_one_shot,3658.544921875,3644.981689453125,3658.847900390625,0.003790089019979447,"[3659.15087890625, 3658.544921875, 3631.41845703125]",3658.544,0.003941322012254047,58916.157999999996,0.05978856428486061,75200.88739693165,0.048650289225500236,True,test,3820.540705789338,4552.991003658061,0.24448137193424394,4085.494407770084,0.11669926022837318,3672.9522299558316,0.003937988568812734,3656.9452075961754,0.000437254239864519,0.961369741301313,3672.9522299558316
qwen3-30b-a3b-chunk-c4096-b1-l4096-m8-9fe316,qwen3-30b-a3b,chunked_prefill,c4096,prefill,2,1,4096,8,[8],8,4096,3,97,1627389952,1627389952.0,194,1,1,"{""16777216"":97}","{""all_reduce:16777216"":97}","[""all_reduce""]","[""all_reduce""]",97,0,sglang_custom:all_reduce_one_shot,3651.78369140625,3638.666259765625,3652.39697265625,0.0037600017007955633,"[3651.78369140625, 3653.01025390625, 3625.548828125]",3651.7850000000003,0.003908636461346801,53331.337999999996,0.10732924045520859,76785.72740405798,0.04755810506541168,True,validation,3821.023999999983,4553.96136576489,0.24705123594306427,4086.4202751437847,0.11902035291968849,3673.416854386092,0.0059239990119763376,3657.435765569263,0.0015477571073867135,0.961369741301313,3673.416854386092
qwen3-30b-a3b-chunk-c4096-b1-l4097-m8-9fe316,qwen3-30b-a3b,chunked_prefill,c4096,prefill,2,1,4097,8,[8],8,4096,3,194,1627787264,1627787264.0,388,2,3,"{""4096"":97,""16777216"":97}","{""all_reduce:4096"":2,""all_reduce:16777216"":97,""fused_allreduce_residual_rmsnorm:4096"":95}","[""all_reduce"",""fused_allreduce_residual_rmsnorm""]","[""all_reduce""]",99,95,flashinfer_mnnvl:fused_allreduce_residual_rmsnorm+sglang_custom:all_reduce_one_shot+sglang_custom:all_reduce_one_shot_push,4265.751953125,4257.62451171875,4285.056640625,0.006430783882347824,"[4249.4970703125, 4265.751953125, 4304.361328125]",4227.218,0.005954743758188123,80612.66500000001,0.4911316292545346,149816.24856591225,0.028473226328639953,True,train,4592.3194999999505,4554.931697729789,0.06779103608988386,5043.430063597698,0.1823073912919356,4414.917009687928,0.03496805679328184,4263.6291329812275,0.0004976426588089309,0.961369741301313,4414.917009687928
qwen3-30b-a3b-chunk-c4096-b1-l8191-m8-9fe316,qwen3-30b-a3b,chunked_prefill,c4096,prefill,2,1,8191,8,[8],8,4096,3,194,3254382592,3254382592.0,388,2,2,"{""16773120"":97,""16777216"":97}","{""all_reduce:16773120"":97,""all_reduce:16777216"":97}","[""all_reduce""]","[""all_reduce""]",194,0,sglang_custom:all_reduce_one_shot,7255.1328125,7255.0615234375,7271.51171875,0.0022673872053944567,"[7254.990234375, 7255.1328125, 7287.890625]",7254.897,0.0023353191644208317,96034.294,0.3987938204658432,150568.97699832916,0.04818477854558651,False,test,7641.564705789321,8338.189025603724,0.14928137652252305,8147.484421384143,0.12299590261761915,7346.369084341924,0.012575410292245915,7282.878324633266,0.003824259713821186,0.961369741301313,7346.369084341924
qwen3-30b-a3b-chunk-c4096-b1-l8192-m8-9fe316,qwen3-30b-a3b,chunked_prefill,c4096,prefill,2,1,8192,8,[8],8,4096,3,194,3254779904,3254779904.0,388,1,1,"{""16777216"":194}","{""all_reduce:16777216"":194}","[""all_reduce""]","[""all_reduce""]",194,0,sglang_custom:all_reduce_one_shot,7254.46533203125,7254.09716796875,7282.077880859375,0.003857033097543303,"[7254.46533203125, 7253.72900390625, 7309.6904296875]",7253.217,0.004428241978697008,87094.24900000001,0.07039655396764496,149267.26650446653,0.04860051035914277,False,validation,7642.047999999966,8339.07746769683,0.14950958975247994,8148.407516785191,0.12322647415610943,7346.833708772184,0.012732623634314166,7399.525418235188,0.019995972075769974,0.961369741301313,7346.833708772184
qwen3-30b-a3b-chunk-c4096-b1-l8193-m8-9fe316,qwen3-30b-a3b,chunked_prefill,c4096,prefill,2,1,8193,8,[8],8,4096,3,291,3255177216,3255177216.0,582,2,3,"{""4096"":97,""16777216"":194}","{""all_reduce:4096"":2,""all_reduce:16777216"":194,""fused_allreduce_residual_rmsnorm:4096"":95}","[""all_reduce"",""fused_allreduce_residual_rmsnorm""]","[""all_reduce""]",196,95,flashinfer_mnnvl:fused_allreduce_residual_rmsnorm+sglang_custom:all_reduce_one_shot+sglang_custom:all_reduce_one_shot_push,7895.328125,7887.31298828125,7897.026611328125,0.001230300108252309,"[7895.328125, 7898.72509765625, 7879.2978515625]",7855.207,0.00019560273841289733,158341.581,0.18792840334213917,228118.80614608526,0.03461059725143354,False,train,8413.343499999934,8339.965895991178,0.05631656644937447,10056.705055662414,0.273753908190157,8088.333864074019,0.02444556274524935,7891.808094960819,0.00044583708028989743,0.961369741301313,8088.333864074019
qwen3-30b-a3b-chunk-c4096-b4-l4095-m8-0d8dda,qwen3-30b-a3b,chunked_prefill,c4096,prefill,2,4,4095,8,"[8, 8, 8, 8]",32,4096,3,97,6507970560,6507970560.0,194,1,1,"{""67092480"":97}","{""all_reduce:67092480"":97}","[""all_reduce""]","[""all_reduce""]",97,0,nccl:all_reduce,14826.00830078125,14823.294189453125,14870.057373046875,0.003154131755833823,"[14914.1064453125, 14820.580078125, 14826.00830078125]",14750.144,0.0066147828794077875,16264.079999999998,0.20852132429255177,88279.53785657883,0.16794388213572162,True,train,15055.184588965838,15267.01474770329,0.029745460677962864,14790.20462556909,0.0024149234565229542,14473.598913537602,0.023769674216699163,14879.513862092332,0.0036088986479430366,0.961369741301313,14473.598913537602
qwen3-30b-a3b-chunk-c4096-b4-l4096-m8-0d8dda,qwen3-30b-a3b,chunked_prefill,c4096,prefill,2,4,4096,8,"[8, 8, 8, 8]",32,4096,3,97,6509559808,6509559808.0,194,1,1,"{""67108864"":97}","{""all_reduce:67108864"":97}","[""all_reduce""]","[""all_reduce""]",97,0,nccl:all_reduce,14931.0,14841.353515625,14935.798583984375,0.006325434891124171,"[14751.70703125, 14931.0, 14940.59716796875]",14857.984999999999,0.007736008617588511,16980.525,0.02381590086290035,88582.06123113632,0.16855557200278604,True,train,15057.503744959831,15270.268550003953,0.02272242649547608,14793.556427469386,0.009205248980685412,14475.828479935584,0.03048499899969297,14881.909517622384,0.0032878228101008876,0.961369741301313,14475.828479935584
qwen3-30b-a3b-chunk-c4096-b4-l4097-m8-0d8dda,qwen3-30b-a3b,chunked_prefill,c4096,prefill,2,4,4097,8,"[8, 8, 8, 8]",32,4096,3,194,6511149056,6511149056.0,388,2,3,"{""16384"":97,""67108864"":97}","{""all_reduce:16384"":2,""all_reduce:67108864"":97,""fused_allreduce_residual_rmsnorm:16384"":95}","[""all_reduce"",""fused_allreduce_residual_rmsnorm""]","[""all_reduce""]",99,95,flashinfer_mnnvl:fused_allreduce_residual_rmsnorm+nccl:all_reduce+sglang_custom:all_reduce_one_shot_push,15502.69140625,15474.635498046875,15536.219970703125,0.003972502002550464,"[15446.57958984375, 15502.69140625, 15569.74853515625]",15437.955,0.005821334496699782,78643.237,0.13410273282621857,162266.64185523987,0.09553837578077291,True,train,15786.94374495974,15273.522251233115,0.014782539948159866,16783.649689155533,0.08262812239100023,15177.090024030327,0.021002893864506954,15496.61512015329,0.00039195039993249474,0.961369741301313,15177.090024030327
qwen3-30b-a3b-chunk-c4096-b4-l8191-m8-0d8dda,qwen3-30b-a3b,chunked_prefill,c4096,prefill,2,4,8191,8,"[8, 8, 8, 8]",32,4096,3,194,13017530368,13017530368.0,388,2,2,"{""67092480"":97,""67108864"":97}","{""all_reduce:67092480"":97,""all_reduce:67108864"":97}","[""all_reduce""]","[""all_reduce""]",194,0,nccl:all_reduce,30160.22900390625,29955.432861328125,30168.600830078125,0.007067849807187844,"[30160.22900390625, 30176.97265625, 29750.63671875]",30069.472999999998,0.007109469460937956,36643.72,6.920283925867787,198197.31917232275,0.15217273941875786,False,test,30112.688333925667,27959.478669376458,0.07296862149968285,29495.319237863925,0.022045912382038214,28949.427393473186,0.04014563716595934,30780.758118011243,0.02057441652795886,0.961369741301313,28949.427393473186
qwen3-30b-a3b-chunk-c4096-b4-l8192-m8-0d8dda,qwen3-30b-a3b,chunked_prefill,c4096,prefill,2,4,8192,8,"[8, 8, 8, 8]",32,4096,3,194,13019119616,13019119616.0,388,1,1,"{""67108864"":194}","{""all_reduce:67108864"":194}","[""all_reduce""]","[""all_reduce""]",194,0,nccl:all_reduce,30236.64111328125,30223.70263671875,30280.320068359375,0.001872477548961487,"[30323.9990234375, 30236.64111328125, 30210.76416015625]",30154.079,0.0021865366871262936,34265.976,0.03693342924188136,196691.0334303975,0.15372658624004334,False,train,30115.007489919662,27962.457778830692,0.07521282955769969,29498.661004738107,0.024406815088299928,28951.65695987117,0.04249758260502224,30296.143516207805,0.0019678906365171306,0.961369741301313,28951.65695987117
qwen3-30b-a3b-chunk-c4096-b4-l8193-m8-0d8dda,qwen3-30b-a3b,chunked_prefill,c4096,prefill,2,4,8193,8,"[8, 8, 8, 8]",32,4096,3,291,13020708864,13020708864.0,582,2,3,"{""16384"":97,""67108864"":194}","{""all_reduce:16384"":2,""all_reduce:67108864"":194,""fused_allreduce_residual_rmsnorm:16384"":95}","[""all_reduce"",""fused_allreduce_residual_rmsnorm""]","[""all_reduce""]",196,95,flashinfer_mnnvl:fused_allreduce_residual_rmsnorm+nccl:all_reduce+sglang_custom:all_reduce_one_shot_push,30947.72802734375,30920.23193359375,30959.107421875,0.001256166147217712,"[30892.73583984375, 30947.72802734375, 30970.48681640625]",30809.820000000003,0.0015086748315960173,70260.814,0.24613991093242946,269055.8945760131,0.11502341577058615,False,train,30844.447489919574,27965.436842015108,0.09636543214718864,33466.94860225501,0.08140244003325264,29652.918503965913,0.04183859707678097,30936.60822401529,0.0003593091977102521,0.961369741301313,29652.918503965913
qwen3-30b-a3b-mixed-balanced,qwen3-30b-a3b,mixed_same_coarse,balanced,decode,2,8,512,64,"[16, 16, 16, 16, 32, 32, 64, 64]",256,0,3,6111,98533376,98533376.0,12222,3,6,"{""8192"":3104,""16384"":1552,""32768"":1455}","{""all_reduce:8192"":64,""all_reduce:16384"":32,""all_reduce:32768"":30,""fused_allreduce_residual_rmsnorm:8192"":3040,""fused_allreduce_residual_rmsnorm:16384"":1520,""fused_allreduce_residual_rmsnorm:32768"":1425}","[""all_reduce"",""fused_allreduce_residual_rmsnorm""]","[""all_reduce""]",126,5985,flashinfer_mnnvl:fused_allreduce_residual_rmsnorm+sglang_custom:all_reduce_one_shot_push,44370.80615234375,43371.65283203125,44585.8486328125,0.027364745112189354,"[44800.89111328125, 42372.49951171875, 44370.80615234375]",42027.26,0.046354734998189234,3071807.2180000003,0.20462592665865664,4654182.132333517,0.009533534548227291,True,validation,47573.455999996855,29027.190281089486,0.3458043069709651,30445.509021990598,0.31383917349938867,38609.21639737216,0.12985091447718153,41496.919328414224,0.06476976807818764,0.8115705614781216,38609.21639737216
qwen3-30b-a3b-mixed-bimodal,qwen3-30b-a3b,mixed_same_coarse,bimodal,decode,2,8,512,64,"[8, 8, 16, 16, 16, 64, 64, 64]",256,0,3,6111,98533376,98533376.0,12222,3,6,"{""12288"":4656,""24576"":776,""32768"":679}","{""all_reduce:12288"":96,""all_reduce:24576"":16,""all_reduce:32768"":14,""fused_allreduce_residual_rmsnorm:12288"":4560,""fused_allreduce_residual_rmsnorm:24576"":760,""fused_allreduce_residual_rmsnorm:32768"":665}","[""all_reduce"",""fused_allreduce_residual_rmsnorm""]","[""all_reduce""]",126,5985,flashinfer_mnnvl:fused_allreduce_residual_rmsnorm+sglang_custom:all_reduce_one_shot_push,42279.43701171875,42137.947509765625,42874.89697265625,0.017430446452878782,"[42279.43701171875, 41996.4580078125, 43470.35693359375]",40991.145000000004,0.022205454373133485,2747538.53,0.13817464335977866,4595465.472899377,0.009200251260955236,True,test,47006.0796313546,29027.190281089486,0.31344425723918906,30445.509021990598,0.2798979557473317,38148.750439303745,0.09769965885000045,34102.27931089482,0.19340744056164796,0.8115705614781216,38148.750439303745
qwen3-30b-a3b-mixed-staircase,qwen3-30b-a3b,mixed_same_coarse,staircase,decode,2,8,512,64,"[16, 16, 16, 24, 32, 40, 48, 64]",256,0,3,6111,98533376,98533376.0,12222,6,12,"{""4096"":1552,""8192"":776,""12288"":776,""16384"":776,""20480"":776,""32768"":1455}","{""all_reduce:4096"":32,""all_reduce:8192"":16,""all_reduce:12288"":16,""all_reduce:16384"":16,""all_reduce:20480"":16,""all_reduce:32768"":30,""fused_allreduce_residual_rmsnorm:4096"":1520,""fused_allreduce_residual_rmsnorm:8192"":760,""fused_allreduce_residual_rmsnorm:12288"":760,""fused_allreduce_residual_rmsnorm:16384"":760,""fused_allreduce_residual_rmsnorm:20480"":760,""fused_allreduce_residual_rmsnorm:32768"":1425}","[""all_reduce"",""fused_allreduce_residual_rmsnorm""]","[""all_reduce""]",126,5985,flashinfer_mnnvl:fused_allreduce_residual_rmsnorm+sglang_custom:all_reduce_one_shot_push,44112.15478515625,43795.0390625,44206.860595703125,0.009335783645320882,"[44301.56640625, 44112.15478515625, 43477.92333984375]",42826.221000000005,0.014846114953733598,3381596.2350000003,0.03823128014572089,4724255.90083003,0.009337376236838894,True,train,47425.54952711868,29027.190281089486,0.34196843426798224,30445.509021990598,0.30981587341918926,38489.17985813217,0.12746996727795784,43333.86317317688,0.017643473001261522,0.8115705614781216,38489.17985813217
qwen3-8b-chunk-c1024-b1-l1023-m8-9fe316,qwen3-8b,chunked_prefill,c1024,prefill,2,1,1023,8,[8],8,1024,3,73,611770368,611770368.0,146,1,1,"{""8380416"":73}","{""all_reduce:8380416"":73}","[""all_reduce""]","[""all_reduce""]",73,0,sglang_custom:all_reduce_one_shot,1713.4990234375,1706.6953125,1714.155517578125,0.004353784260208603,"[1713.4990234375, 1699.8916015625, 1714.81201171875]",1713.337,0.0044926946654395596,30748.376999999997,0.5168957372937116,40393.22771131992,0.042420453143369466,False,test,1842.3334950691133,1938.868671740829,0.1315259858457395,1616.9845341088974,0.05632596692992688,1771.1636755453374,0.03365315726422454,1712.5062949949486,0.0005793574603619459,0.961369741301313,1771.1636755453374
qwen3-8b-chunk-c1024-b1-l1024-m8-9fe316,qwen3-8b,chunked_prefill,c1024,prefill,2,1,1024,8,[8],8,1024,3,73,612368384,612368384.0,146,1,1,"{""8388608"":73}","{""all_reduce:8388608"":73}","[""all_reduce""]","[""all_reduce""]",73,0,sglang_custom:all_reduce_one_shot,1713.20703125,1712.720703125,1713.76611328125,0.0006102065524954341,"[1714.3251953125, 1713.20703125, 1712.234375]",1713.2069999999999,0.0006239759702125662,18288.236,0.3067917813396546,29431.18754774332,0.0582105981442588,False,train,1843.1040000000035,1940.522701998231,0.13268429711170146,1618.4513541747704,0.05530894710728187,1771.9044156714185,0.03426169946231857,1713.2523724929385,2.6465711447300027e-05,0.961369741301313,1771.9044156714185
qwen3-8b-chunk-c1024-b1-l1025-m8-9fe316,qwen3-8b,chunked_prefill,c1024,prefill,2,1,1025,8,[8],8,1024,3,146,612966400,612966400.0,292,2,2,"{""8192"":73,""8388608"":73}","{""all_reduce:8192"":73,""all_reduce:8388608"":73}","[""all_reduce""]","[""all_reduce""]",146,0,sglang_custom:all_reduce_one_shot+sglang_custom:all_reduce_one_shot_push,2092.21875,2076.954345703125,2106.45068359375,0.01409811373243118,"[2120.6826171875, 2061.68994140625, 2092.21875]",2043.507,0.00021923095932622957,27619.057,0.23014243389989755,56886.95888966322,0.03677853045472205,False,train,2423.5634999999793,1942.176526751454,0.07171440522103434,1833.4185118657085,0.12369654852500078,2329.940615022285,0.11362189781650933,2091.1549474840376,0.0005084566400919499,0.961369741301313,2329.940615022285
qwen3-8b-chunk-c1024-b1-l2047-m8-9fe316,qwen3-8b,chunked_prefill,c1024,prefill,2,1,2047,8,[8],8,1024,3,146,1224138752,1224138752.0,292,2,2,"{""8380416"":73,""8388608"":73}","{""all_reduce:8380416"":73,""all_reduce:8388608"":73}","[""all_reduce""]","[""all_reduce""]",146,0,sglang_custom:all_reduce_one_shot,3423.7236328125,3421.438720703125,3424.56201171875,0.0009122497463556361,"[3423.7236328125, 3425.400390625, 3419.15380859375]",3422.9639999999995,0.0009366151674397193,31076.852,0.32396000083920984,58379.55977767706,0.05864593097054578,True,train,3685.4374950691167,3551.91261069974,0.03744139178136179,3225.397512420235,0.05792702380867846,3543.068091216756,0.0348580876273058,3423.349695848049,0.00010921937765861594,0.961369741301313,3543.068091216756
qwen3-8b-chunk-c1024-b1-l2048-m8-9fe316,qwen3-8b,chunked_prefill,c1024,prefill,2,1,2048,8,[8],8,1024,3,146,1224736768,1224736768.0,292,1,1,"{""8388608"":146}","{""all_reduce:8388608"":146}","[""all_reduce""]","[""all_reduce""]",146,0,sglang_custom:all_reduce_one_shot,3434.44384765625,3421.6455078125,3434.750732421875,0.0038158214810582306,"[3434.44384765625, 3408.84716796875, 3435.0576171875]",3434.446,0.003800467382512416,33078.126000000004,0.1496704650076005,57935.407385230064,0.05928056783685999,True,test,3686.208000000007,3553.426968934593,0.034644072390218265,3226.859755762836,0.06044183602974748,3543.808831342837,0.031843578913430315,3406.014233002245,0.008277792829079478,0.961369741301313,3543.808831342837
qwen3-8b-chunk-c1024-b1-l2049-m8-9fe316,qwen3-8b,chunked_prefill,c1024,prefill,2,1,2049,8,[8],8,1024,3,219,1225334784,1225334784.0,438,2,2,"{""8192"":73,""8388608"":146}","{""all_reduce:8192"":73,""all_reduce:8388608"":146}","[""all_reduce""]","[""all_reduce""]",219,0,sglang_custom:all_reduce_one_shot+sglang_custom:all_reduce_one_shot_push,3808.0791015625,3806.743408203125,3822.780029296875,0.004211210078900405,"[3808.0791015625, 3805.40771484375, 3837.48095703125]",3762.2929999999997,0.0005835536998315299,52040.473999999995,0.22419129964112158,85463.36367726326,0.0445580297534627,True,validation,4266.667499999983,3554.941233091176,0.06647389975892533,3655.460138575893,0.04007767667535734,4101.845030693704,0.07714281171593002,3835.8496160379273,0.007292525636884142,0.961369741301313,4101.845030693704
qwen3-8b-chunk-c1024-b4-l1023-m8-0d8dda,qwen3-8b,chunked_prefill,c1024,prefill,2,4,1023,8,"[8, 8, 8, 8]",32,1024,3,73,2447081472,2447081472.0,146,1,1,"{""33521664"":73}","{""all_reduce:33521664"":73}","[""all_reduce""]","[""all_reduce""]",73,0,nccl:all_reduce,6368.390625,6365.355712890625,6370.829833984375,0.0008595768406951325,"[6368.390625, 6373.26904296875, 6362.32080078125]",6351.876,0.0006444552758902816,8453.916,0.04092198219144843,32380.55296242237,0.19667331291070034,False,test,6374.349600310171,6501.382621178446,0.020883140499637024,5853.766945167938,0.08080906309544453,6128.106826214317,0.037730694132111726,6291.395352114987,0.012090224582449046,0.961369741301313,6128.106826214317
qwen3-8b-chunk-c1024-b4-l1024-m8-0d8dda,qwen3-8b,chunked_prefill,c1024,prefill,2,4,1024,8,"[8, 8, 8, 8]",32,1024,3,73,2449473536,2449473536.0,146,1,1,"{""33554432"":73}","{""all_reduce:33554432"":73}","[""all_reduce""]","[""all_reduce""]",73,0,nccl:all_reduce,6336.9208984375,6336.330078125,6355.881591796875,0.0030853333953869983,"[6336.9208984375, 6374.84228515625, 6335.7392578125]",6321.062,0.003361223161551049,8450.201000000001,0.06046672735950306,32755.457796156406,0.19346152747653209,False,test,6377.280153334141,6506.928888308493,0.026828169799770075,5859.07709046958,0.07540630783094393,6130.9241712168405,0.03250738497800285,6294.60910789676,0.006677026779862863,0.961369741301313,6130.9241712168405
qwen3-8b-chunk-c1024-b4-l1025-m8-0d8dda,qwen3-8b,chunked_prefill,c1024,prefill,2,4,1025,8,"[8, 8, 8, 8]",32,1024,3,146,2451865600,2451865600.0,292,2,2,"{""32768"":73,""33554432"":73}","{""all_reduce:32768"":73,""all_reduce:33554432"":73}","[""all_reduce""]","[""all_reduce""]",146,0,nccl:all_reduce+sglang_custom:all_reduce_one_shot_push,6733.70361328125,6726.6337890625,6735.6064453125,0.0013324994334919557,"[6719.56396484375, 6733.70361328125, 6737.50927734375]",6646.664000000001,0.0016929545408041686,29064.591,0.3699413317049601,62222.06819802523,0.10822050452985363,False,train,6940.256153334107,6512.474466345298,0.032854007191467305,6101.294643289361,0.093916959568068,6672.152262695656,0.009140787020116713,6730.402469794707,0.0004902418752188534,0.961369741301313,6672.152262695656
qwen3-8b-chunk-c1024-b4-l2047-m8-0d8dda,qwen3-8b,chunked_prefill,c1024,prefill,2,4,2047,8,"[8, 8, 8, 8]",32,1024,3,146,4896555008,4896555008.0,292,2,2,"{""33521664"":73,""33554432"":73}","{""all_reduce:33521664"":73,""all_reduce:33554432"":73}","[""all_reduce""]","[""all_reduce""]",146,0,nccl:all_reduce,12741.3173828125,12694.385498046875,12756.14111328125,0.004846878339101789,"[12770.96484375, 12647.45361328125, 12741.3173828125]",12703.146999999999,0.004874736945104812,21737.004,0.21518747477803282,71259.4361975789,0.1788018269957263,True,train,12751.629753644313,11910.215100218387,0.06522891296273921,11676.50336518721,0.0835717363937326,12259.030997431159,0.037852160093894645,12745.01497661067,0.0002902049832898433,0.961369741301313,12259.030997431159
qwen3-8b-chunk-c1024-b4-l2048-m8-0d8dda,qwen3-8b,chunked_prefill,c1024,prefill,2,4,2048,8,"[8, 8, 8, 8]",32,1024,3,146,4898947072,4898947072.0,292,1,1,"{""33554432"":146}","{""all_reduce:33554432"":146}","[""all_reduce""]","[""all_reduce""]",146,0,nccl:all_reduce,12814.82080078125,12795.551025390625,12869.18603515625,0.005746081893016863,"[12814.82080078125, 12923.55126953125, 12776.28125]",12776.165,0.00669590600935419,16713.936999999998,0.05945185146982432,65633.78125429153,0.19524733385589207,True,train,12754.560306668282,11915.293021412837,0.0701943314972905,11681.796941949504,0.08841511531418932,12261.848342433681,0.04315100983026289,12812.569912782767,0.00017564724731431477,0.961369741301313,12261.848342433681
qwen3-8b-chunk-c1024-b4-l2049-m8-0d8dda,qwen3-8b,chunked_prefill,c1024,prefill,2,4,2049,8,"[8, 8, 8, 8]",32,1024,3,219,4901339136,4901339136.0,438,2,2,"{""32768"":73,""33554432"":146}","{""all_reduce:32768"":73,""all_reduce:33554432"":146}","[""all_reduce""]","[""all_reduce""]",219,0,nccl:all_reduce+sglang_custom:all_reduce_one_shot_push,13061.9296875,13055.4833984375,13199.030517578125,0.01098973295484791,"[13336.13134765625, 13049.037109375, 13061.9296875]",12953.525,0.011958327945482032,33779.47200000001,0.1295319388059114,94252.41034477949,0.13858456924039272,True,train,13317.536306668248,11920.370627145687,0.08739589690539844,12164.729018815166,0.06868821760259797,12803.076433912496,0.019817382253651317,13063.685921171653,0.00013445438106541698,0.961369741301313,12803.076433912496
qwen3-8b-chunk-c2048-b1-l2047-m8-9fe316,qwen3-8b,chunked_prefill,c2048,prefill,2,1,2047,8,[8],8,2048,3,73,1224138752,1224138752.0,146,1,1,"{""16769024"":73}","{""all_reduce:16769024"":73}","[""all_reduce""]","[""all_reduce""]",73,0,sglang_custom:all_reduce_one_shot,2735.03515625,2733.429443359375,2745.704345703125,0.004488023605729474,"[2731.82373046875, 2735.03515625, 2756.37353515625]",2734.286,0.00464143107195087,23638.838999999996,1.6851074623419535,32408.631406724453,0.0843921831170726,True,train,2874.888478646301,3551.91261069974,0.2986716469011531,3077.992711835854,0.12539420372792665,2763.8307929863195,0.010528433855965892,2734.2548543692774,0.00028529866570069543,0.961369741301313,2763.8307929863195
qwen3-8b-chunk-c2048-b1-l2048-m8-9fe316,qwen3-8b,chunked_prefill,c2048,prefill,2,1,2048,8,[8],8,2048,3,73,1224736768,1224736768.0,146,1,1,"{""16777216"":73}","{""all_reduce:16777216"":73}","[""all_reduce""]","[""all_reduce""]",73,0,sglang_custom:all_reduce_one_shot,2743.62353515625,2738.795654296875,2747.819580078125,0.003289053933828456,"[2733.9677734375, 2752.015625, 2743.62353515625]",2742.645,0.005285955710636809,14220.487,0.3676030574761608,29567.24539399147,0.0927926662966648,True,test,2875.6159999999873,3553.426968934593,0.2951583638942011,3079.388128783416,0.12237998009739488,2764.5302100019044,0.007620096043702927,2735.013338777027,0.003138257224030062,0.961369741301313,2764.5302100019044
qwen3-8b-chunk-c2048-b1-l2049-m8-9fe316,qwen3-8b,chunked_prefill,c2048,prefill,2,1,2049,8,[8],8,2048,3,146,1225334784,1225334784.0,292,2,2,"{""8192"":73,""16777216"":73}","{""all_reduce:8192"":73,""all_reduce:16777216"":73}","[""all_reduce""]","[""all_reduce""]",146,0,sglang_custom:all_reduce_one_shot+sglang_custom:all_reduce_one_shot_push,3139.998046875,3139.618408203125,3140.7021484375,0.00034514041671254025,"[3141.40625, 3139.998046875, 3139.23876953125]",3055.9860000000003,0.0024645073635808706,16939.768,0.34503188001157975,57210.20605415106,0.05488527770557065,True,train,3456.075499999963,3554.941233091176,0.13214759373151114,3488.400924728285,0.1109563995429946,3322.5664093527707,0.05814282676368766,3138.477799657017,0.00048415546611439936,0.961369741301313,3322.5664093527707
qwen3-8b-chunk-c2048-b1-l4095-m8-9fe316,qwen3-8b,chunked_prefill,c2048,prefill,2,1,4095,8,[8],8,2048,3,146,2448875520,2448875520.0,292,2,2,"{""16769024"":73,""16777216"":73}","{""all_reduce:16769024"":73,""all_reduce:16777216"":73}","[""all_reduce""]","[""all_reduce""]",146,0,sglang_custom:all_reduce_one_shot,5491.6533203125,5481.8330078125,5494.1962890625,0.0022512858202958217,"[5496.7392578125, 5491.6533203125, 5472.0126953125]",5487.716,0.0021341301189785225,24821.678,0.0629786793624508,58803.075924515724,0.09339057921667261,True,train,5750.504478646288,6505.542386158095,0.1846236473259204,6138.276702398989,0.1177465772820658,5528.361002988224,0.006684268021790387,5491.317090054139,6.122568901378195e-05,0.961369741301313,5528.361002988224
qwen3-8b-chunk-c2048-b1-l4096-m8-9fe316,qwen3-8b,chunked_prefill,c2048,prefill,2,1,4096,8,[8],8,2048,3,146,2449473536,2449473536.0,292,1,1,"{""16777216"":146}","{""all_reduce:16777216"":146}","[""all_reduce""]","[""all_reduce""]",146,0,sglang_custom:all_reduce_one_shot,5501.34375,5498.2998046875,5501.526123046875,0.000586460055213783,"[5501.70849609375, 5495.255859375, 5501.34375]",5496.201999999999,0.001324551026326861,22914.061,0.3506764689157456,57712.01103925705,0.09532406947763193,True,validation,5751.2319999999745,6506.928888308493,0.18278900283380634,6139.667777643135,0.11603056574007672,5529.060420003809,0.005038163631168977,5539.683605518222,0.006969180124078243,0.961369741301313,5529.060420003809
qwen3-8b-chunk-c2048-b1-l4097-m8-9fe316,qwen3-8b,chunked_prefill,c2048,prefill,2,1,4097,8,[8],8,2048,3,219,2450071552,2450071552.0,438,2,2,"{""8192"":73,""16777216"":146}","{""all_reduce:8192"":73,""all_reduce:16777216"":146}","[""all_reduce""]","[""all_reduce""]",219,0,sglang_custom:all_reduce_one_shot+sglang_custom:all_reduce_one_shot_push,5866.7724609375,5861.30126953125,5881.36767578125,0.003420348476714814,"[5855.830078125, 5866.7724609375, 5895.962890625]",5789.103,0.0038271041299491053,30276.917999999998,0.36289058549486447,85942.29072332382,0.06826409223631877,True,train,6331.69149999995,6508.315347390553,0.10935192914410996,6955.15532870366,0.18551646156603094,6087.096619354675,0.0375545770496726,5867.718356577381,0.00016122930387691363,0.961369741301313,6087.096619354675
qwen3-8b-chunk-c2048-b4-l2047-m8-0d8dda,qwen3-8b,chunked_prefill,c2048,prefill,2,4,2047,8,"[8, 8, 8, 8]",32,2048,3,73,4896555008,4896555008.0,146,1,1,"{""67076096"":73}","{""all_reduce:67076096"":73}","[""all_reduce""]","[""all_reduce""]",73,0,nccl:all_reduce,11276.11181640625,11192.96044921875,11282.225830078125,0.00791632632885901,"[11276.11181640625, 11288.33984375, 11109.80908203125]",11237.297999999997,0.00872113563242698,12370.411000000002,0.10938997903950001,57122.57884442806,0.197402008881925,True,train,11328.444693393692,11910.215100218387,0.05623421389716487,11142.872194629002,0.011816096181610197,10890.823944234127,0.034168504041574475,11267.956761378267,0.0007232151614634887,0.961369741301313,10890.823944234127
qwen3-8b-chunk-c2048-b4-l2048-m8-0d8dda,qwen3-8b,chunked_prefill,c2048,prefill,2,4,2048,8,"[8, 8, 8, 8]",32,2048,3,73,4898947072,4898947072.0,146,1,1,"{""67108864"":73}","{""all_reduce:67108864"":73}","[""all_reduce""]","[""all_reduce""]",73,0,nccl:all_reduce,11237.298828125,11169.437744140625,11255.808349609375,0.007686064666410706,"[11101.57666015625, 11237.298828125, 11274.31787109375]",11165.676999999998,0.010054114945291596,12147.590999999999,0.027905162430970708,56888.35587352514,0.19753249422619795,True,train,11331.935808062553,11915.293021412837,0.060334267483475305,11147.923848148032,0.00795342202285112,10894.180196240182,0.03053390651373011,11271.452245517405,0.0030392906618203134,0.961369741301313,10894.180196240182
qwen3-8b-chunk-c2048-b4-l2049-m8-0d8dda,qwen3-8b,chunked_prefill,c2048,prefill,2,4,2049,8,"[8, 8, 8, 8]",32,2048,3,146,4901339136,4901339136.0,292,2,2,"{""32768"":73,""67108864"":73}","{""all_reduce:32768"":73,""all_reduce:67108864"":73}","[""all_reduce""]","[""all_reduce""]",146,0,nccl:all_reduce+sglang_custom:all_reduce_one_shot_push,11715.0380859375,11603.952880859375,11734.2060546875,0.011118459271974399,"[11715.0380859375, 11753.3740234375, 11492.86767578125]",11563.542,0.01063311743062811,20463.307,0.45774561267150016,85541.64506494999,0.13695128351860097,True,train,11894.91180806252,11920.370627145687,0.017527261943319147,11608.785310085765,0.009069776391019939,11435.408287718998,0.023869303383158822,11717.095891584473,0.00017565505394670586,0.961369741301313,11435.408287718998
qwen3-8b-chunk-c2048-b4-l4095-m8-0d8dda,qwen3-8b,chunked_prefill,c2048,prefill,2,4,4095,8,"[8, 8, 8, 8]",32,2048,3,146,9795502080,9795502080.0,292,2,2,"{""67076096"":73,""67108864"":73}","{""all_reduce:67076096"":73,""all_reduce:67108864"":73}","[""all_reduce""]","[""all_reduce""]",146,0,nccl:all_reduce,22916.4853515625,22854.08349609375,22940.29150390625,0.0037618337406447946,"[22791.681640625, 22916.4853515625, 22964.09765625]",22773.766000000003,0.003497511127496433,25533.938,0.05249885466158785,120240.25246500969,0.19058913202324881,True,validation,22660.380501456246,21814.27801743894,0.04809670057229819,22221.635725951615,0.03032095083304335,21785.00414047431,0.04937411621939851,23244.920824594912,0.014331843124889072,0.961369741301313,21785.00414047431
qwen3-8b-chunk-c2048-b4-l4096-m8-0d8dda,qwen3-8b,chunked_prefill,c2048,prefill,2,4,4096,8,"[8, 8, 8, 8]",32,2048,3,146,9797894144,9797894144.0,292,1,1,"{""67108864"":146}","{""all_reduce:67108864"":146}","[""all_reduce""]","[""all_reduce""]",146,0,nccl:all_reduce,23035.36328125,22878.066650390625,23091.732421875,0.009275554671121322,"[23148.1015625, 23035.36328125, 22720.77001953125]",22877.89,0.009855323196326277,24947.856999999996,0.05602799871748505,119848.88091683388,0.19220340736627164,True,train,22663.871616125107,21818.927213707917,0.05280733160966558,22226.671661744425,0.035106527717052416,21788.360392480365,0.054134283603187325,22997.272164630467,0.0016535930497149011,0.961369741301313,21788.360392480365
qwen3-8b-chunk-c2048-b4-l4097-m8-0d8dda,qwen3-8b,chunked_prefill,c2048,prefill,2,4,4097,8,"[8, 8, 8, 8]",32,2048,3,219,9800286208,9800286208.0,438,2,2,"{""32768"":73,""67108864"":146}","{""all_reduce:32768"":73,""all_reduce:67108864"":146}","[""all_reduce""]","[""all_reduce""]",219,0,nccl:all_reduce+sglang_custom:all_reduce_one_shot_push,23635.0869140625,23424.140869140625,23645.0751953125,0.009347726410958218,"[23213.19482421875, 23655.0634765625, 23635.0869140625]",23317.478000000003,0.009557037000313727,32262.265,0.10465255616739877,148614.7502437234,0.15903594276679617,True,train,23226.847616125073,21823.576265561005,0.07664497512059813,23145.53480931995,0.020712938629020836,22329.58848395918,0.055235609450057385,23619.30425887298,0.0006677637889340337,0.961369741301313,22329.58848395918
qwen3-8b-chunk-c4096-b1-l4095-m8-9fe316,qwen3-8b,chunked_prefill,c4096,prefill,2,1,4095,8,[8],8,4096,3,73,2448875520,2448875520.0,146,1,1,"{""33546240"":73}","{""all_reduce:33546240"":73}","[""all_reduce""]","[""all_reduce""]",73,0,nccl:all_reduce,6303.0419921875,6293.072021484375,6316.86328125,0.003774567866613266,"[6330.6845703125, 6283.10205078125, 6303.0419921875]",6250.012,0.006899906752179165,18035.793,0.1653778128857434,44362.17155307531,0.1420814575013868,True,validation,6376.547783465668,6505.542386158095,0.03212740676987242,5857.749589147151,0.07064722138806637,6130.22009298585,0.027418808158958714,6287.219877022278,0.002510234769946574,0.961369741301313,6130.22009298585
qwen3-8b-chunk-c4096-b1-l4096-m8-9fe316,qwen3-8b,chunked_prefill,c4096,prefill,2,1,4096,8,[8],8,4096,3,73,2449473536,2449473536.0,146,1,1,"{""33554432"":73}","{""all_reduce:33554432"":73}","[""all_reduce""]","[""all_reduce""]",73,0,nccl:all_reduce,6284.48095703125,6282.60107421875,6287.53466796875,0.0007850439493304788,"[6280.72119140625, 6290.58837890625, 6284.48095703125]",6235.684,0.0020140533099496697,7107.913,0.03584941177529894,33026.695251464844,0.19028488648898387,True,train,6377.280153334141,6506.928888308493,0.03539638878662874,5859.07709046958,0.06769116963998696,6130.9241712168405,0.024434282936700757,6287.9893047382975,0.0005582557622554763,0.961369741301313,6130.9241712168405
qwen3-8b-chunk-c4096-b1-l4097-m8-9fe316,qwen3-8b,chunked_prefill,c4096,prefill,2,1,4097,8,[8],8,4096,3,146,2450071552,2450071552.0,292,2,2,"{""8192"":73,""33554432"":73}","{""all_reduce:8192"":73,""all_reduce:33554432"":73}","[""all_reduce""]","[""all_reduce""]",146,0,nccl:all_reduce+sglang_custom:all_reduce_one_shot_push,6682.6064453125,6679.196533203125,6698.122314453125,0.0028320957406186096,"[6682.6064453125, 6675.78662109375, 6713.63818359375]",6557.889,0.00513343546985912,15486.459,0.5578073076614867,61064.12038207054,0.10943589137942657,True,train,6957.739653334116,6508.315347390553,0.026081305153650484,6637.29581516678,0.006780382851589763,6688.960370567706,0.0009508154201813462,6679.915360640528,0.00040269985880429587,0.961369741301313,6688.960370567706
qwen3-8b-chunk-c4096-b1-l8191-m8-9fe316,qwen3-8b,chunked_prefill,c4096,prefill,2,1,8191,8,[8],8,4096,3,146,4898349056,4898349056.0,292,2,2,"{""33546240"":73,""33554432"":73}","{""all_reduce:33546240"":73,""all_reduce:33554432"":73}","[""all_reduce""]","[""all_reduce""]",146,0,nccl:all_reduce,12604.39599609375,12592.806884765625,12651.29248046875,0.004640095068518188,"[12604.39599609375, 12698.18896484375, 12581.2177734375]",12545.961,0.005387869450574536,13450.509999999998,0.06239421404838914,69048.78560453653,0.18254334070816208,False,validation,12753.827936799808,11914.023570695519,0.054772352884833626,11680.473565202303,0.07330160296279026,12261.14426420269,0.02723269976581482,12641.968318647605,0.0029808903628146147,0.961369741301313,12261.14426420269
qwen3-8b-chunk-c4096-b1-l8192-m8-9fe316,qwen3-8b,chunked_prefill,c4096,prefill,2,1,8192,8,[8],8,4096,3,146,4898947072,4898947072.0,292,1,1,"{""33554432"":146}","{""all_reduce:33554432"":146}","[""all_reduce""]","[""all_reduce""]",146,0,nccl:all_reduce,12822.22216796875,12801.685302734375,12915.751708984375,0.008895993592666783,"[12822.22216796875, 12781.1484375, 13009.28125]",12793.991,0.009727652614418755,15569.595,0.04923188432325945,71167.03409701586,0.18017080985122022,False,train,12754.560306668282,11915.293021412837,0.07073104292495543,11681.796941949504,0.08894130916465848,12261.848342433681,0.04370333146581576,12819.74066426829,0.00019353148525675984,0.961369741301313,12261.848342433681
qwen3-8b-chunk-c4096-b1-l8193-m8-9fe316,qwen3-8b,chunked_prefill,c4096,prefill,2,1,8193,8,[8],8,4096,3,219,4899545088,4899545088.0,438,2,2,"{""8192"":73,""33554432"":146}","{""all_reduce:8192"":73,""all_reduce:33554432"":146}","[""all_reduce""]","[""all_reduce""]",219,0,nccl:all_reduce+sglang_custom:all_reduce_one_shot_push,13095.794921875,13038.28466796875,13103.119140625,0.004950785579877367,"[13110.443359375, 13095.794921875, 12980.7744140625]",12928.106,0.00536938666808588,31484.643000000004,0.2564728302620423,97548.43730479479,0.1342491513314207,False,train,13335.019806668257,11916.562452413818,0.09004665058486913,13233.405322921813,0.010507983812189306,12819.884541784548,0.021068624068751724,13095.39442409449,3.0582166481678764e-05,0.961369741301313,12819.884541784548
qwen3-8b-chunk-c4096-b4-l4095-m8-0d8dda,qwen3-8b,chunked_prefill,c4096,prefill,2,4,4095,8,"[8, 8, 8, 8]",32,4096,3,73,9795502080,9795502080.0,146,1,1,"{""134184960"":73}","{""all_reduce:134184960"":73}","[""all_reduce""]","[""all_reduce""]",73,0,nccl:all_reduce,21303.6640625,21280.521484375,21374.84619140625,0.004427628353250559,"[21446.0283203125, 21257.37890625, 21303.6640625]",21223.117,0.003024555723836276,22500.636,0.00831249836671276,114764.27037268877,0.18562976084209723,True,test,20763.716758997813,21814.27801743894,0.02396836306848053,21206.078489911928,0.00458069430224672,19961.609009051466,0.06299644274859273,21377.647769233376,0.0034728160618907895,0.961369741301313,19961.609009051466
qwen3-8b-chunk-c4096-b4-l4096-m8-0d8dda,qwen3-8b,chunked_prefill,c4096,prefill,2,4,4096,8,"[8, 8, 8, 8]",32,4096,3,73,9797894144,9797894144.0,146,1,1,"{""134217728"":73}","{""all_reduce:134217728"":73}","[""all_reduce""]","[""all_reduce""]",73,0,nccl:all_reduce,21377.5087890625,21351.605712890625,21482.294921875,0.00611339750921961,"[21325.70263671875, 21377.5087890625, 21587.0810546875]",21326.86,0.007296503095157893,22392.457000000002,0.021169740328182814,115031.27869218588,0.1858408341809964,True,train,20767.04040169716,21818.927213707917,0.020648730822707576,21210.884276984052,0.007794383981902463,19964.804258573513,0.06608368376448884,21381.423335703457,0.00018311519268138913,0.961369741301313,19964.804258573513
qwen3-8b-chunk-c4096-b4-l4097-m8-0d8dda,qwen3-8b,chunked_prefill,c4096,prefill,2,4,4097,8,"[8, 8, 8, 8]",32,4096,3,146,9800286208,9800286208.0,292,2,2,"{""32768"":73,""134217728"":73}","{""all_reduce:32768"":73,""all_reduce:134217728"":73}","[""all_reduce""]","[""all_reduce""]",146,0,nccl:all_reduce+sglang_custom:all_reduce_one_shot_push,21858.9111328125,21846.629150390625,21924.537353515625,0.003564139249738368,"[21990.16357421875, 21858.9111328125, 21834.34716796875]",21671.529000000002,0.001906372180753766,43868.759,0.026490582968166573,145616.35069549084,0.1501130266512673,True,validation,21330.016401697125,21823.576265561005,0.0016164971364220223,22087.754200930158,0.010469097327274485,20506.03235005233,0.06189140778972097,21885.63048032194,0.0012223549172735591,0.961369741301313,20506.03235005233
qwen3-8b-chunk-c4096-b4-l8191-m8-0d8dda,qwen3-8b,chunked_prefill,c4096,prefill,2,4,8191,8,"[8, 8, 8, 8]",32,4096,3,146,19593396224,19593396224.0,292,2,2,"{""134184960"":73,""134217728"":73}","{""all_reduce:134184960"":73,""all_reduce:134217728"":73}","[""all_reduce""]","[""all_reduce""]",146,0,nccl:all_reduce,44151.9228515625,43862.5595703125,44238.9599609375,0.008525118869464584,"[44151.9228515625, 43573.1962890625, 44325.9970703125]",44068.87700000001,0.011773479047355904,46602.441000000006,0.10209723778202942,249222.05600887537,0.17715897043233664,False,train,41530.75716069497,39949.90841427682,0.09517171995912235,42285.35813772967,0.042275955230945766,39926.41326762498,0.09570386318492997,44125.109457242484,0.0006072984501753495,0.961369741301313,39926.41326762498
qwen3-8b-chunk-c4096-b4-l8192-m8-0d8dda,qwen3-8b,chunked_prefill,c4096,prefill,2,4,8192,8,"[8, 8, 8, 8]",32,4096,3,146,19595788288,19595788288.0,292,1,1,"{""134217728"":146}","{""all_reduce:134217728"":146}","[""all_reduce""]","[""all_reduce""]",146,0,nccl:all_reduce,44124.80859375,44084.766845703125,44195.406982421875,0.002507436071562279,"[44266.00537109375, 44044.72509765625, 44124.80859375]",44006.325,0.0024452621299323753,48577.792,0.03433656474135343,250401.41120553017,0.17621629359561491,False,train,41534.08080339432,39954.16511560027,0.09451924237333634,42290.14899311769,0.04157886819461868,39929.608517147026,0.09507576826513867,44107.59107454803,0.0003902004280741526,0.961369741301313,39929.608517147026
qwen3-8b-chunk-c4096-b4-l8193-m8-0d8dda,qwen3-8b,chunked_prefill,c4096,prefill,2,4,8193,8,"[8, 8, 8, 8]",32,4096,3,219,19598180352,19598180352.0,438,2,2,"{""32768"":73,""134217728"":146}","{""all_reduce:32768"":73,""all_reduce:134217728"":146}","[""all_reduce""]","[""all_reduce""]",219,0,nccl:all_reduce+sglang_custom:all_reduce_one_shot_push,44486.7490234375,44467.047607421875,44602.80859375,0.003051717405931379,"[44447.34619140625, 44718.8681640625, 44486.7490234375]",44347.416,0.004845017351180087,60112.823,0.046049983378754156,278600.66667199135,0.1596792626336881,False,train,42097.05680339428,39958.42175081114,0.1017904740632013,44038.44761409991,0.010077189706566453,40470.83660862584,0.0902721035582058,44478.60657817785,0.0001830307999210668,0.961369741301313,40470.83660862584
qwen3-8b-mixed-balanced,qwen3-8b,mixed_same_coarse,balanced,decode,2,8,512,64,"[16, 16, 16, 16, 32, 32, 64, 64]",256,0,3,4599,148307968,148307968.0,9198,3,3,"{""16384"":2336,""32768"":1168,""65536"":1095}","{""all_reduce:16384"":2336,""all_reduce:32768"":1168,""all_reduce:65536"":1095}","[""all_reduce""]","[""all_reduce""]",4599,0,sglang_custom:all_reduce_one_shot_push,25425.71435546875,25229.18896484375,25532.236572265625,0.011918941713301098,"[25425.71435546875, 25032.66357421875, 25638.7587890625]",20450.232000000004,0.01054941577190897,972799.4239999999,0.09498684283760439,1792184.5437958837,0.014186995665980114,True,validation,34861.843499997136,31432.513047827946,0.23624896466545922,27924.92989603117,0.09829480130318824,28292.84590345508,0.11276503416587963,28614.811192380093,0.12542801324382097,0.8115705614781216,28292.84590345508
qwen3-8b-mixed-bimodal,qwen3-8b,mixed_same_coarse,bimodal,decode,2,8,512,64,"[8, 8, 16, 16, 16, 64, 64, 64]",256,0,3,4599,148307968,148307968.0,9198,3,3,"{""24576"":3504,""49152"":584,""65536"":511}","{""all_reduce:24576"":3504,""all_reduce:49152"":584,""all_reduce:65536"":511}","[""all_reduce""]","[""all_reduce""]",4599,0,sglang_custom:all_reduce_one_shot_push,24564.85888671875,24301.953125,24577.26513671875,0.011207555190459503,"[24589.67138671875, 24564.85888671875, 24039.04736328125]",20665.886,0.046152945003180575,1191263.04,0.24102716222942666,1765189.4092559814,0.013916273663273743,True,train,35199.03155168293,31432.513047827946,0.27957230256357246,27924.92989603117,0.1367836479259842,28566.49779988543,0.16290095260145004,24235.31921001666,0.013415085273714286,0.8115705614781216,28566.49779988543
qwen3-8b-mixed-staircase,qwen3-8b,mixed_same_coarse,staircase,decode,2,8,512,64,"[16, 16, 16, 24, 32, 40, 48, 64]",256,0,3,4599,148307968,148307968.0,9198,6,6,"{""8192"":1168,""16384"":584,""24576"":584,""32768"":584,""40960"":584,""65536"":1095}","{""all_reduce:8192"":1168,""all_reduce:16384"":584,""all_reduce:24576"":584,""all_reduce:32768"":584,""all_reduce:40960"":584,""all_reduce:65536"":1095}","[""all_reduce""]","[""all_reduce""]",4599,0,sglang_custom:all_reduce_one_shot_push,25383.18408203125,24930.522216796875,25526.22216796875,0.02346829102474858,"[25383.18408203125, 25669.26025390625, 24477.8603515625]",20129.843999999997,0.014309226638815462,1038015.7589999998,0.20624839328667677,1877686.1876249313,0.013518331364059409,True,test,35477.70754380145,31432.513047827946,0.23832033626069057,27924.92989603117,0.10013502662966633,28792.66303127953,0.13432038069888366,30398.355058478377,0.19757848188940824,0.8115705614781216,28792.66303127953
