timestamp, index, memory.used [MiB], utilization.gpu [%]
2026/08/06 10:24:00.142, 0, 0 MiB, 0 %
2026/08/06 10:24:00.143, 1, 0 MiB, 0 %
2026/08/06 10:24:00.144, 2, 0 MiB, 0 %
2026/08/06 10:24:00.144, 3, 0 MiB, 0 %
2026/08/06 10:24:00.145, 4, 0 MiB, 0 %
2026/08/06 10:24:00.146, 5, 0 MiB, 0 %
2026/08/06 10:24:00.147, 6, 0 MiB, 0 %
2026/08/06 10:24:00.147, 7, 0 MiB, 0 %
2026/08/06 10:24:01.148, 0, 0 MiB, 0 %
2026/08/06 10:24:01.148, 1, 0 MiB, 0 %
2026/08/06 10:24:01.148, 2, 0 MiB, 0 %
2026/08/06 10:24:01.148, 3, 0 MiB, 0 %
2026/08/06 10:24:01.148, 4, 0 MiB, 0 %
2026/08/06 10:24:01.148, 5, 0 MiB, 0 %
2026/08/06 10:24:01.148, 6, 0 MiB, 0 %
2026/08/06 10:24:01.148, 7, 0 MiB, 0 %
2026/08/06 10:24:02.148, 0, 0 MiB, 0 %
2026/08/06 10:24:02.149, 1, 0 MiB, 0 %
2026/08/06 10:24:02.149, 2, 0 MiB, 0 %
2026/08/06 10:24:02.149, 3, 0 MiB, 0 %
2026/08/06 10:24:02.149, 4, 0 MiB, 0 %
2026/08/06 10:24:02.149, 5, 0 MiB, 0 %
2026/08/06 10:24:02.149, 6, 0 MiB, 0 %
2026/08/06 10:24:02.149, 7, 0 MiB, 0 %
2026/08/06 10:24:03.149, 0, 4 MiB, 0 %
2026/08/06 10:24:03.175, 1, 4 MiB, 0 %
2026/08/06 10:24:03.186, 2, 4 MiB, 0 %
2026/08/06 10:24:03.187, 3, 4 MiB, 0 %
2026/08/06 10:24:03.188, 4, 0 MiB, 0 %
2026/08/06 10:24:03.199, 5, 0 MiB, 0 %
2026/08/06 10:24:03.210, 6, 0 MiB, 0 %
2026/08/06 10:24:03.211, 7, 0 MiB, 0 %
2026/08/06 10:24:04.212, 0, 4 MiB, 0 %
2026/08/06 10:24:04.212, 1, 4 MiB, 0 %
2026/08/06 10:24:04.212, 2, 4 MiB, 0 %
2026/08/06 10:24:04.212, 3, 4 MiB, 0 %
2026/08/06 10:24:04.212, 4, 0 MiB, 0 %
2026/08/06 10:24:04.212, 5, 0 MiB, 0 %
2026/08/06 10:24:04.212, 6, 0 MiB, 0 %
2026/08/06 10:24:04.212, 7, 0 MiB, 0 %
2026/08/06 10:24:05.212, 0, 4 MiB, 0 %
2026/08/06 10:24:05.212, 1, 4 MiB, 0 %
2026/08/06 10:24:05.212, 2, 4 MiB, 0 %
2026/08/06 10:24:05.212, 3, 4 MiB, 0 %
2026/08/06 10:24:05.212, 4, 0 MiB, 0 %
2026/08/06 10:24:05.212, 5, 0 MiB, 0 %
2026/08/06 10:24:05.212, 6, 0 MiB, 0 %
2026/08/06 10:24:05.212, 7, 0 MiB, 0 %
2026/08/06 10:24:06.212, 0, 4 MiB, 0 %
2026/08/06 10:24:06.212, 1, 4 MiB, 0 %
2026/08/06 10:24:06.212, 2, 4 MiB, 0 %
2026/08/06 10:24:06.212, 3, 4 MiB, 0 %
2026/08/06 10:24:06.212, 4, 0 MiB, 0 %
2026/08/06 10:24:06.212, 5, 0 MiB, 0 %
2026/08/06 10:24:06.212, 6, 0 MiB, 0 %
2026/08/06 10:24:06.213, 7, 0 MiB, 0 %
2026/08/06 10:24:07.213, 0, 4 MiB, 0 %
2026/08/06 10:24:07.213, 1, 4 MiB, 0 %
2026/08/06 10:24:07.213, 2, 4 MiB, 0 %
2026/08/06 10:24:07.213, 3, 4 MiB, 0 %
2026/08/06 10:24:07.213, 4, 0 MiB, 0 %
2026/08/06 10:24:07.213, 5, 0 MiB, 0 %
2026/08/06 10:24:07.213, 6, 0 MiB, 0 %
2026/08/06 10:24:07.213, 7, 0 MiB, 0 %
2026/08/06 10:24:08.213, 0, 4 MiB, 0 %
2026/08/06 10:24:08.213, 1, 4 MiB, 0 %
2026/08/06 10:24:08.213, 2, 4 MiB, 0 %
2026/08/06 10:24:08.213, 3, 4 MiB, 0 %
2026/08/06 10:24:08.213, 4, 0 MiB, 0 %
2026/08/06 10:24:08.213, 5, 0 MiB, 0 %
2026/08/06 10:24:08.213, 6, 0 MiB, 0 %
2026/08/06 10:24:08.213, 7, 0 MiB, 0 %
2026/08/06 10:24:09.213, 0, 4 MiB, 0 %
2026/08/06 10:24:09.213, 1, 4 MiB, 0 %
2026/08/06 10:24:09.213, 2, 4 MiB, 0 %
2026/08/06 10:24:09.213, 3, 4 MiB, 0 %
2026/08/06 10:24:09.213, 4, 0 MiB, 0 %
2026/08/06 10:24:09.213, 5, 0 MiB, 0 %
2026/08/06 10:24:09.213, 6, 0 MiB, 0 %
2026/08/06 10:24:09.213, 7, 0 MiB, 0 %
2026/08/06 10:24:10.213, 0, 4 MiB, 0 %
2026/08/06 10:24:10.213, 1, 4 MiB, 0 %
2026/08/06 10:24:10.213, 2, 4 MiB, 0 %
2026/08/06 10:24:10.213, 3, 4 MiB, 0 %
2026/08/06 10:24:10.213, 4, 0 MiB, 0 %
2026/08/06 10:24:10.213, 5, 0 MiB, 0 %
2026/08/06 10:24:10.214, 6, 0 MiB, 0 %
2026/08/06 10:24:10.214, 7, 0 MiB, 0 %
2026/08/06 10:24:11.214, 0, 4 MiB, 0 %
2026/08/06 10:24:11.214, 1, 4 MiB, 0 %
2026/08/06 10:24:11.214, 2, 4 MiB, 0 %
2026/08/06 10:24:11.214, 3, 4 MiB, 0 %
2026/08/06 10:24:11.214, 4, 0 MiB, 0 %
2026/08/06 10:24:11.214, 5, 0 MiB, 0 %
2026/08/06 10:24:11.214, 6, 0 MiB, 0 %
2026/08/06 10:24:11.214, 7, 0 MiB, 0 %
2026/08/06 10:24:12.214, 0, 4 MiB, 0 %
2026/08/06 10:24:12.214, 1, 4 MiB, 0 %
2026/08/06 10:24:12.214, 2, 4 MiB, 0 %
2026/08/06 10:24:12.214, 3, 4 MiB, 0 %
2026/08/06 10:24:12.214, 4, 0 MiB, 0 %
2026/08/06 10:24:12.214, 5, 0 MiB, 0 %
2026/08/06 10:24:12.214, 6, 0 MiB, 0 %
2026/08/06 10:24:12.214, 7, 0 MiB, 0 %
2026/08/06 10:24:13.214, 0, 4 MiB, 0 %
2026/08/06 10:24:13.222, 1, 4 MiB, 0 %
2026/08/06 10:24:13.222, 2, 4 MiB, 0 %
2026/08/06 10:24:13.222, 3, 4 MiB, 0 %
2026/08/06 10:24:13.223, 4, 0 MiB, 0 %
2026/08/06 10:24:13.223, 5, 0 MiB, 0 %
2026/08/06 10:24:13.223, 6, 0 MiB, 0 %
2026/08/06 10:24:13.223, 7, 0 MiB, 0 %
2026/08/06 10:24:14.224, 0, 4 MiB, 0 %
2026/08/06 10:24:14.224, 1, 4 MiB, 0 %
2026/08/06 10:24:14.224, 2, 4 MiB, 0 %
2026/08/06 10:24:14.224, 3, 4 MiB, 0 %
2026/08/06 10:24:14.224, 4, 0 MiB, 0 %
2026/08/06 10:24:14.224, 5, 0 MiB, 0 %
2026/08/06 10:24:14.224, 6, 0 MiB, 0 %
2026/08/06 10:24:14.224, 7, 0 MiB, 0 %
2026/08/06 10:24:15.224, 0, 4 MiB, 0 %
2026/08/06 10:24:15.224, 1, 4 MiB, 0 %
2026/08/06 10:24:15.224, 2, 4 MiB, 0 %
2026/08/06 10:24:15.224, 3, 4 MiB, 0 %
2026/08/06 10:24:15.224, 4, 0 MiB, 0 %
2026/08/06 10:24:15.224, 5, 0 MiB, 0 %
2026/08/06 10:24:15.224, 6, 0 MiB, 0 %
2026/08/06 10:24:15.224, 7, 0 MiB, 0 %
2026/08/06 10:24:16.224, 0, 4 MiB, 0 %
2026/08/06 10:24:16.225, 1, 4 MiB, 0 %
2026/08/06 10:24:16.225, 2, 4 MiB, 0 %
2026/08/06 10:24:16.225, 3, 4 MiB, 0 %
2026/08/06 10:24:16.225, 4, 0 MiB, 0 %
2026/08/06 10:24:16.225, 5, 0 MiB, 0 %
2026/08/06 10:24:16.225, 6, 0 MiB, 0 %
2026/08/06 10:24:16.225, 7, 0 MiB, 0 %
2026/08/06 10:24:17.225, 0, 4 MiB, 0 %
2026/08/06 10:24:17.225, 1, 4 MiB, 0 %
2026/08/06 10:24:17.225, 2, 4 MiB, 0 %
2026/08/06 10:24:17.225, 3, 4 MiB, 0 %
2026/08/06 10:24:17.225, 4, 0 MiB, 0 %
2026/08/06 10:24:17.225, 5, 0 MiB, 0 %
2026/08/06 10:24:17.225, 6, 0 MiB, 0 %
2026/08/06 10:24:17.225, 7, 0 MiB, 0 %
2026/08/06 10:24:18.225, 0, 4 MiB, 0 %
2026/08/06 10:24:18.225, 1, 4 MiB, 0 %
2026/08/06 10:24:18.225, 2, 4 MiB, 0 %
2026/08/06 10:24:18.225, 3, 4 MiB, 0 %
2026/08/06 10:24:18.225, 4, 0 MiB, 0 %
2026/08/06 10:24:18.225, 5, 0 MiB, 0 %
2026/08/06 10:24:18.225, 6, 0 MiB, 0 %
2026/08/06 10:24:18.225, 7, 0 MiB, 0 %
2026/08/06 10:24:19.225, 0, 4 MiB, 0 %
2026/08/06 10:24:19.225, 1, 4 MiB, 0 %
2026/08/06 10:24:19.225, 2, 4 MiB, 0 %
2026/08/06 10:24:19.225, 3, 4 MiB, 0 %
2026/08/06 10:24:19.225, 4, 0 MiB, 0 %
2026/08/06 10:24:19.225, 5, 0 MiB, 0 %
2026/08/06 10:24:19.225, 6, 0 MiB, 0 %
2026/08/06 10:24:19.225, 7, 0 MiB, 0 %
2026/08/06 10:24:20.225, 0, 27 MiB, 0 %
2026/08/06 10:24:20.228, 1, 27 MiB, 0 %
2026/08/06 10:24:20.232, 2, 27 MiB, 0 %
2026/08/06 10:24:20.233, 3, 629 MiB, 0 %
2026/08/06 10:24:20.235, 4, 0 MiB, 0 %
2026/08/06 10:24:20.236, 5, 0 MiB, 0 %
2026/08/06 10:24:20.238, 6, 0 MiB, 0 %
2026/08/06 10:24:20.238, 7, 0 MiB, 0 %
2026/08/06 10:24:21.239, 0, 629 MiB, 0 %
2026/08/06 10:24:21.239, 1, 725 MiB, 0 %
2026/08/06 10:24:21.239, 2, 725 MiB, 0 %
2026/08/06 10:24:21.239, 3, 629 MiB, 0 %
2026/08/06 10:24:21.239, 4, 0 MiB, 0 %
2026/08/06 10:24:21.239, 5, 0 MiB, 0 %
2026/08/06 10:24:21.239, 6, 0 MiB, 0 %
2026/08/06 10:24:21.239, 7, 0 MiB, 0 %
2026/08/06 10:24:22.239, 0, 821 MiB, 0 %
2026/08/06 10:24:22.250, 1, 821 MiB, 0 %
2026/08/06 10:24:22.261, 2, 821 MiB, 0 %
2026/08/06 10:24:22.262, 3, 821 MiB, 0 %
2026/08/06 10:24:22.273, 4, 0 MiB, 0 %
2026/08/06 10:24:22.273, 5, 0 MiB, 0 %
2026/08/06 10:24:22.273, 6, 0 MiB, 0 %
2026/08/06 10:24:22.273, 7, 0 MiB, 0 %
2026/08/06 10:24:23.273, 0, 2157 MiB, 0 %
2026/08/06 10:24:23.273, 1, 2189 MiB, 1 %
2026/08/06 10:24:23.273, 2, 2189 MiB, 1 %
2026/08/06 10:24:23.273, 3, 2029 MiB, 0 %
2026/08/06 10:24:23.273, 4, 0 MiB, 0 %
2026/08/06 10:24:23.273, 5, 0 MiB, 0 %
2026/08/06 10:24:23.273, 6, 0 MiB, 0 %
2026/08/06 10:24:23.273, 7, 0 MiB, 0 %
2026/08/06 10:24:24.273, 0, 2157 MiB, 0 %
2026/08/06 10:24:24.273, 1, 2189 MiB, 0 %
2026/08/06 10:24:24.273, 2, 2189 MiB, 0 %
2026/08/06 10:24:24.273, 3, 2029 MiB, 0 %
2026/08/06 10:24:24.273, 4, 0 MiB, 0 %
2026/08/06 10:24:24.273, 5, 0 MiB, 0 %
2026/08/06 10:24:24.273, 6, 0 MiB, 0 %
2026/08/06 10:24:24.273, 7, 0 MiB, 0 %
2026/08/06 10:24:25.273, 0, 6101 MiB, 3 %
2026/08/06 10:24:25.273, 1, 6133 MiB, 1 %
2026/08/06 10:24:25.273, 2, 6133 MiB, 1 %
2026/08/06 10:24:25.273, 3, 5973 MiB, 7 %
2026/08/06 10:24:25.273, 4, 0 MiB, 0 %
2026/08/06 10:24:25.273, 5, 0 MiB, 0 %
2026/08/06 10:24:25.273, 6, 0 MiB, 0 %
2026/08/06 10:24:25.273, 7, 0 MiB, 0 %
2026/08/06 10:24:26.274, 0, 6101 MiB, 9 %
2026/08/06 10:24:26.274, 1, 6133 MiB, 4 %
2026/08/06 10:24:26.274, 2, 6133 MiB, 5 %
2026/08/06 10:24:26.274, 3, 5973 MiB, 9 %
2026/08/06 10:24:26.274, 4, 0 MiB, 0 %
2026/08/06 10:24:26.274, 5, 0 MiB, 0 %
2026/08/06 10:24:26.274, 6, 0 MiB, 0 %
2026/08/06 10:24:26.274, 7, 0 MiB, 0 %
2026/08/06 10:24:27.274, 0, 157547 MiB, 0 %
2026/08/06 10:24:27.274, 1, 157579 MiB, 0 %
2026/08/06 10:24:27.274, 2, 157579 MiB, 0 %
2026/08/06 10:24:27.274, 3, 157419 MiB, 0 %
2026/08/06 10:24:27.274, 4, 0 MiB, 0 %
2026/08/06 10:24:27.274, 5, 0 MiB, 0 %
2026/08/06 10:24:27.274, 6, 0 MiB, 0 %
2026/08/06 10:24:27.274, 7, 0 MiB, 0 %
2026/08/06 10:24:28.274, 0, 157547 MiB, 0 %
2026/08/06 10:24:28.282, 1, 157579 MiB, 0 %
2026/08/06 10:24:28.293, 2, 157579 MiB, 0 %
2026/08/06 10:24:28.293, 3, 157419 MiB, 0 %
2026/08/06 10:24:28.305, 4, 0 MiB, 0 %
2026/08/06 10:24:28.305, 5, 0 MiB, 0 %
2026/08/06 10:24:28.305, 6, 0 MiB, 0 %
2026/08/06 10:24:28.305, 7, 0 MiB, 0 %
2026/08/06 10:24:29.305, 0, 158491 MiB, 0 %
2026/08/06 10:24:29.305, 1, 158555 MiB, 0 %
2026/08/06 10:24:29.305, 2, 158555 MiB, 0 %
2026/08/06 10:24:29.305, 3, 158235 MiB, 0 %
2026/08/06 10:24:29.305, 4, 0 MiB, 0 %
2026/08/06 10:24:29.305, 5, 0 MiB, 0 %
2026/08/06 10:24:29.305, 6, 0 MiB, 0 %
2026/08/06 10:24:29.305, 7, 0 MiB, 0 %
2026/08/06 10:24:30.305, 0, 159503 MiB, 0 %
2026/08/06 10:24:30.305, 1, 159599 MiB, 0 %
2026/08/06 10:24:30.305, 2, 159599 MiB, 0 %
2026/08/06 10:24:30.305, 3, 159119 MiB, 0 %
2026/08/06 10:24:30.305, 4, 0 MiB, 0 %
2026/08/06 10:24:30.305, 5, 0 MiB, 0 %
2026/08/06 10:24:30.305, 6, 0 MiB, 0 %
2026/08/06 10:24:30.305, 7, 0 MiB, 0 %
2026/08/06 10:24:31.305, 0, 159567 MiB, 0 %
2026/08/06 10:24:31.305, 1, 159663 MiB, 0 %
2026/08/06 10:24:31.305, 2, 159663 MiB, 0 %
2026/08/06 10:24:31.305, 3, 159183 MiB, 0 %
2026/08/06 10:24:31.305, 4, 0 MiB, 0 %
2026/08/06 10:24:31.305, 5, 0 MiB, 0 %
2026/08/06 10:24:31.305, 6, 0 MiB, 0 %
2026/08/06 10:24:31.305, 7, 0 MiB, 0 %
2026/08/06 10:24:32.306, 0, 159719 MiB, 70 %
2026/08/06 10:24:32.316, 1, 159815 MiB, 15 %
2026/08/06 10:24:32.316, 2, 159815 MiB, 66 %
2026/08/06 10:24:32.317, 3, 159335 MiB, 67 %
2026/08/06 10:24:32.319, 4, 0 MiB, 0 %
2026/08/06 10:24:32.319, 5, 0 MiB, 0 %
2026/08/06 10:24:32.320, 6, 0 MiB, 0 %
2026/08/06 10:24:32.320, 7, 0 MiB, 0 %
2026/08/06 10:24:33.321, 0, 159719 MiB, 17 %
2026/08/06 10:24:33.321, 1, 159815 MiB, 62 %
2026/08/06 10:24:33.321, 2, 159815 MiB, 92 %
2026/08/06 10:24:33.321, 3, 159335 MiB, 64 %
2026/08/06 10:24:33.321, 4, 0 MiB, 0 %
2026/08/06 10:24:33.321, 5, 0 MiB, 0 %
2026/08/06 10:24:33.321, 6, 0 MiB, 0 %
2026/08/06 10:24:33.321, 7, 0 MiB, 0 %
2026/08/06 10:24:34.321, 0, 159719 MiB, 59 %
2026/08/06 10:24:34.321, 1, 159815 MiB, 28 %
2026/08/06 10:24:34.321, 2, 159815 MiB, 91 %
2026/08/06 10:24:34.321, 3, 159335 MiB, 17 %
2026/08/06 10:24:34.321, 4, 0 MiB, 0 %
2026/08/06 10:24:34.321, 5, 0 MiB, 0 %
2026/08/06 10:24:34.321, 6, 0 MiB, 0 %
2026/08/06 10:24:34.321, 7, 0 MiB, 0 %
2026/08/06 10:24:35.321, 0, 159719 MiB, 78 %
2026/08/06 10:24:35.321, 1, 159815 MiB, 34 %
2026/08/06 10:24:35.321, 2, 159815 MiB, 91 %
2026/08/06 10:24:35.321, 3, 159335 MiB, 42 %
2026/08/06 10:24:35.321, 4, 0 MiB, 0 %
2026/08/06 10:24:35.321, 5, 0 MiB, 0 %
2026/08/06 10:24:35.321, 6, 0 MiB, 0 %
2026/08/06 10:24:35.321, 7, 0 MiB, 0 %
2026/08/06 10:24:36.321, 0, 159719 MiB, 85 %
2026/08/06 10:24:36.321, 1, 159815 MiB, 14 %
2026/08/06 10:24:36.321, 2, 159815 MiB, 93 %
2026/08/06 10:24:36.321, 3, 159335 MiB, 38 %
2026/08/06 10:24:36.321, 4, 0 MiB, 0 %
2026/08/06 10:24:36.321, 5, 0 MiB, 0 %
2026/08/06 10:24:36.321, 6, 0 MiB, 0 %
2026/08/06 10:24:36.321, 7, 0 MiB, 0 %
2026/08/06 10:24:37.321, 0, 159719 MiB, 86 %
2026/08/06 10:24:37.322, 1, 159815 MiB, 60 %
2026/08/06 10:24:37.322, 2, 159815 MiB, 74 %
2026/08/06 10:24:37.322, 3, 159335 MiB, 52 %
2026/08/06 10:24:37.322, 4, 0 MiB, 0 %
2026/08/06 10:24:37.322, 5, 0 MiB, 0 %
2026/08/06 10:24:37.322, 6, 0 MiB, 0 %
2026/08/06 10:24:37.322, 7, 0 MiB, 0 %
2026/08/06 10:24:38.322, 0, 160149 MiB, 55 %
2026/08/06 10:24:38.322, 1, 160245 MiB, 33 %
2026/08/06 10:24:38.322, 2, 160245 MiB, 74 %
2026/08/06 10:24:38.322, 3, 159765 MiB, 55 %
2026/08/06 10:24:38.322, 4, 0 MiB, 0 %
2026/08/06 10:24:38.322, 5, 0 MiB, 0 %
2026/08/06 10:24:38.322, 6, 0 MiB, 0 %
2026/08/06 10:24:38.322, 7, 0 MiB, 0 %
2026/08/06 10:24:39.322, 0, 160149 MiB, 76 %
2026/08/06 10:24:39.322, 1, 160245 MiB, 20 %
2026/08/06 10:24:39.322, 2, 160245 MiB, 90 %
2026/08/06 10:24:39.322, 3, 159765 MiB, 63 %
2026/08/06 10:24:39.322, 4, 0 MiB, 0 %
2026/08/06 10:24:39.322, 5, 0 MiB, 0 %
2026/08/06 10:24:39.322, 6, 0 MiB, 0 %
2026/08/06 10:24:39.322, 7, 0 MiB, 0 %
2026/08/06 10:24:40.322, 0, 160149 MiB, 77 %
2026/08/06 10:24:40.322, 1, 160245 MiB, 16 %
2026/08/06 10:24:40.322, 2, 160245 MiB, 92 %
2026/08/06 10:24:40.322, 3, 159765 MiB, 15 %
2026/08/06 10:24:40.322, 4, 0 MiB, 0 %
2026/08/06 10:24:40.322, 5, 0 MiB, 0 %
2026/08/06 10:24:40.322, 6, 0 MiB, 0 %
2026/08/06 10:24:40.322, 7, 0 MiB, 0 %
2026/08/06 10:24:41.322, 0, 160149 MiB, 88 %
2026/08/06 10:24:41.322, 1, 160245 MiB, 14 %
2026/08/06 10:24:41.322, 2, 160245 MiB, 93 %
2026/08/06 10:24:41.322, 3, 159765 MiB, 75 %
2026/08/06 10:24:41.322, 4, 0 MiB, 0 %
2026/08/06 10:24:41.322, 5, 0 MiB, 0 %
2026/08/06 10:24:41.322, 6, 0 MiB, 0 %
2026/08/06 10:24:41.322, 7, 0 MiB, 0 %
2026/08/06 10:24:42.323, 0, 160149 MiB, 73 %
2026/08/06 10:24:42.323, 1, 160245 MiB, 72 %
2026/08/06 10:24:42.323, 2, 160245 MiB, 93 %
2026/08/06 10:24:42.323, 3, 159765 MiB, 70 %
2026/08/06 10:24:42.323, 4, 0 MiB, 0 %
2026/08/06 10:24:42.323, 5, 0 MiB, 0 %
2026/08/06 10:24:42.323, 6, 0 MiB, 0 %
2026/08/06 10:24:42.323, 7, 0 MiB, 0 %
2026/08/06 10:24:43.323, 0, 160149 MiB, 77 %
2026/08/06 10:24:43.323, 1, 160245 MiB, 16 %
2026/08/06 10:24:43.323, 2, 160245 MiB, 87 %
2026/08/06 10:24:43.323, 3, 159765 MiB, 54 %
2026/08/06 10:24:43.323, 4, 0 MiB, 0 %
2026/08/06 10:24:43.323, 5, 0 MiB, 0 %
2026/08/06 10:24:43.323, 6, 0 MiB, 0 %
2026/08/06 10:24:43.323, 7, 0 MiB, 0 %
2026/08/06 10:24:44.323, 0, 160149 MiB, 64 %
2026/08/06 10:24:44.323, 1, 160245 MiB, 43 %
2026/08/06 10:24:44.323, 2, 160245 MiB, 94 %
2026/08/06 10:24:44.323, 3, 159765 MiB, 71 %
2026/08/06 10:24:44.323, 4, 0 MiB, 0 %
2026/08/06 10:24:44.323, 5, 0 MiB, 0 %
2026/08/06 10:24:44.323, 6, 0 MiB, 0 %
2026/08/06 10:24:44.323, 7, 0 MiB, 0 %
2026/08/06 10:24:45.323, 0, 160149 MiB, 65 %
2026/08/06 10:24:45.323, 1, 160245 MiB, 16 %
2026/08/06 10:24:45.323, 2, 160245 MiB, 90 %
2026/08/06 10:24:45.323, 3, 159765 MiB, 53 %
2026/08/06 10:24:45.323, 4, 0 MiB, 0 %
2026/08/06 10:24:45.323, 5, 0 MiB, 0 %
2026/08/06 10:24:45.323, 6, 0 MiB, 0 %
2026/08/06 10:24:45.323, 7, 0 MiB, 0 %
2026/08/06 10:24:46.323, 0, 160149 MiB, 82 %
2026/08/06 10:24:46.323, 1, 160245 MiB, 63 %
2026/08/06 10:24:46.323, 2, 160245 MiB, 88 %
2026/08/06 10:24:46.323, 3, 159765 MiB, 82 %
2026/08/06 10:24:46.323, 4, 0 MiB, 0 %
2026/08/06 10:24:46.323, 5, 0 MiB, 0 %
2026/08/06 10:24:46.323, 6, 0 MiB, 0 %
2026/08/06 10:24:46.323, 7, 0 MiB, 0 %
2026/08/06 10:24:47.323, 0, 160149 MiB, 87 %
2026/08/06 10:24:47.324, 1, 160245 MiB, 44 %
2026/08/06 10:24:47.324, 2, 160245 MiB, 86 %
2026/08/06 10:24:47.324, 3, 159765 MiB, 41 %
2026/08/06 10:24:47.324, 4, 0 MiB, 0 %
2026/08/06 10:24:47.324, 5, 0 MiB, 0 %
2026/08/06 10:24:47.324, 6, 0 MiB, 0 %
2026/08/06 10:24:47.324, 7, 0 MiB, 0 %
2026/08/06 10:24:48.324, 0, 160149 MiB, 83 %
2026/08/06 10:24:48.324, 1, 160245 MiB, 34 %
2026/08/06 10:24:48.324, 2, 160245 MiB, 91 %
2026/08/06 10:24:48.324, 3, 159765 MiB, 53 %
2026/08/06 10:24:48.324, 4, 0 MiB, 0 %
2026/08/06 10:24:48.324, 5, 0 MiB, 0 %
2026/08/06 10:24:48.324, 6, 0 MiB, 0 %
2026/08/06 10:24:48.324, 7, 0 MiB, 0 %
2026/08/06 10:24:49.324, 0, 160149 MiB, 43 %
2026/08/06 10:24:49.324, 1, 160245 MiB, 21 %
2026/08/06 10:24:49.324, 2, 160245 MiB, 92 %
2026/08/06 10:24:49.324, 3, 159765 MiB, 60 %
2026/08/06 10:24:49.324, 4, 0 MiB, 0 %
2026/08/06 10:24:49.324, 5, 0 MiB, 0 %
2026/08/06 10:24:49.324, 6, 0 MiB, 0 %
2026/08/06 10:24:49.324, 7, 0 MiB, 0 %
2026/08/06 10:24:50.324, 0, 160149 MiB, 49 %
2026/08/06 10:24:50.324, 1, 160245 MiB, 20 %
2026/08/06 10:24:50.324, 2, 160245 MiB, 92 %
2026/08/06 10:24:50.324, 3, 159765 MiB, 53 %
2026/08/06 10:24:50.324, 4, 0 MiB, 0 %
2026/08/06 10:24:50.324, 5, 0 MiB, 0 %
2026/08/06 10:24:50.324, 6, 0 MiB, 0 %
2026/08/06 10:24:50.324, 7, 0 MiB, 0 %
2026/08/06 10:24:51.324, 0, 160149 MiB, 82 %
2026/08/06 10:24:51.324, 1, 160245 MiB, 54 %
2026/08/06 10:24:51.324, 2, 160245 MiB, 74 %
2026/08/06 10:24:51.324, 3, 159765 MiB, 82 %
2026/08/06 10:24:51.324, 4, 0 MiB, 0 %
2026/08/06 10:24:51.324, 5, 0 MiB, 0 %
2026/08/06 10:24:51.324, 6, 0 MiB, 0 %
2026/08/06 10:24:51.324, 7, 0 MiB, 0 %
2026/08/06 10:24:52.324, 0, 160149 MiB, 64 %
2026/08/06 10:24:52.324, 1, 160245 MiB, 24 %
2026/08/06 10:24:52.324, 2, 160245 MiB, 93 %
2026/08/06 10:24:52.324, 3, 159765 MiB, 76 %
2026/08/06 10:24:52.325, 4, 0 MiB, 0 %
2026/08/06 10:24:52.325, 5, 0 MiB, 0 %
2026/08/06 10:24:52.325, 6, 0 MiB, 0 %
2026/08/06 10:24:52.325, 7, 0 MiB, 0 %
2026/08/06 10:24:53.325, 0, 160149 MiB, 68 %
2026/08/06 10:24:53.325, 1, 160245 MiB, 24 %
2026/08/06 10:24:53.325, 2, 160245 MiB, 92 %
2026/08/06 10:24:53.325, 3, 159765 MiB, 76 %
2026/08/06 10:24:53.325, 4, 0 MiB, 0 %
2026/08/06 10:24:53.325, 5, 0 MiB, 0 %
2026/08/06 10:24:53.325, 6, 0 MiB, 0 %
2026/08/06 10:24:53.325, 7, 0 MiB, 0 %
2026/08/06 10:24:54.325, 0, 160149 MiB, 65 %
2026/08/06 10:24:54.325, 1, 160245 MiB, 41 %
2026/08/06 10:24:54.325, 2, 160245 MiB, 90 %
2026/08/06 10:24:54.325, 3, 159765 MiB, 82 %
2026/08/06 10:24:54.325, 4, 0 MiB, 0 %
2026/08/06 10:24:54.325, 5, 0 MiB, 0 %
2026/08/06 10:24:54.325, 6, 0 MiB, 0 %
2026/08/06 10:24:54.325, 7, 0 MiB, 0 %
2026/08/06 10:24:55.325, 0, 160149 MiB, 63 %
2026/08/06 10:24:55.325, 1, 160245 MiB, 17 %
2026/08/06 10:24:55.325, 2, 160245 MiB, 91 %
2026/08/06 10:24:55.325, 3, 159765 MiB, 86 %
2026/08/06 10:24:55.325, 4, 0 MiB, 0 %
2026/08/06 10:24:55.325, 5, 0 MiB, 0 %
2026/08/06 10:24:55.325, 6, 0 MiB, 0 %
2026/08/06 10:24:55.325, 7, 0 MiB, 0 %
2026/08/06 10:24:56.325, 0, 160149 MiB, 54 %
2026/08/06 10:24:56.325, 1, 160245 MiB, 30 %
2026/08/06 10:24:56.325, 2, 160245 MiB, 89 %
2026/08/06 10:24:56.325, 3, 159765 MiB, 77 %
2026/08/06 10:24:56.325, 4, 0 MiB, 0 %
2026/08/06 10:24:56.325, 5, 0 MiB, 0 %
2026/08/06 10:24:56.325, 6, 0 MiB, 0 %
2026/08/06 10:24:56.325, 7, 0 MiB, 0 %
2026/08/06 10:24:57.325, 0, 160149 MiB, 63 %
2026/08/06 10:24:57.325, 1, 160245 MiB, 27 %
2026/08/06 10:24:57.325, 2, 160245 MiB, 92 %
2026/08/06 10:24:57.325, 3, 159765 MiB, 62 %
2026/08/06 10:24:57.325, 4, 0 MiB, 0 %
2026/08/06 10:24:57.325, 5, 0 MiB, 0 %
2026/08/06 10:24:57.325, 6, 0 MiB, 0 %
2026/08/06 10:24:57.325, 7, 0 MiB, 0 %
2026/08/06 10:24:58.325, 0, 163797 MiB, 87 %
2026/08/06 10:24:58.326, 1, 163893 MiB, 41 %
2026/08/06 10:24:58.326, 2, 163893 MiB, 93 %
2026/08/06 10:24:58.326, 3, 163413 MiB, 88 %
2026/08/06 10:24:58.326, 4, 0 MiB, 0 %
2026/08/06 10:24:58.326, 5, 0 MiB, 0 %
2026/08/06 10:24:58.326, 6, 0 MiB, 0 %
2026/08/06 10:24:58.326, 7, 0 MiB, 0 %
2026/08/06 10:24:59.326, 0, 163799 MiB, 100 %
2026/08/06 10:24:59.326, 1, 163895 MiB, 97 %
2026/08/06 10:24:59.326, 2, 163895 MiB, 100 %
2026/08/06 10:24:59.326, 3, 163415 MiB, 100 %
2026/08/06 10:24:59.326, 4, 0 MiB, 0 %
2026/08/06 10:24:59.326, 5, 0 MiB, 0 %
2026/08/06 10:24:59.326, 6, 0 MiB, 0 %
2026/08/06 10:24:59.326, 7, 0 MiB, 0 %
2026/08/06 10:25:00.326, 0, 163799 MiB, 100 %
2026/08/06 10:25:00.326, 1, 163895 MiB, 67 %
2026/08/06 10:25:00.326, 2, 163895 MiB, 100 %
2026/08/06 10:25:00.326, 3, 163415 MiB, 100 %
2026/08/06 10:25:00.326, 4, 0 MiB, 0 %
2026/08/06 10:25:00.326, 5, 0 MiB, 0 %
2026/08/06 10:25:00.326, 6, 0 MiB, 0 %
2026/08/06 10:25:00.326, 7, 0 MiB, 0 %
2026/08/06 10:25:01.326, 0, 163799 MiB, 87 %
2026/08/06 10:25:01.326, 1, 163895 MiB, 14 %
2026/08/06 10:25:01.326, 2, 163895 MiB, 92 %
2026/08/06 10:25:01.326, 3, 163415 MiB, 76 %
2026/08/06 10:25:01.326, 4, 0 MiB, 0 %
2026/08/06 10:25:01.326, 5, 0 MiB, 0 %
2026/08/06 10:25:01.326, 6, 0 MiB, 0 %
2026/08/06 10:25:01.326, 7, 0 MiB, 0 %
2026/08/06 10:25:02.326, 0, 163799 MiB, 76 %
2026/08/06 10:25:02.326, 1, 163895 MiB, 36 %
2026/08/06 10:25:02.326, 2, 163895 MiB, 93 %
2026/08/06 10:25:02.326, 3, 163415 MiB, 50 %
2026/08/06 10:25:02.326, 4, 0 MiB, 0 %
2026/08/06 10:25:02.326, 5, 0 MiB, 0 %
2026/08/06 10:25:02.326, 6, 0 MiB, 0 %
2026/08/06 10:25:02.326, 7, 0 MiB, 0 %
2026/08/06 10:25:03.327, 0, 163799 MiB, 78 %
2026/08/06 10:25:03.327, 1, 163895 MiB, 45 %
2026/08/06 10:25:03.327, 2, 163895 MiB, 89 %
2026/08/06 10:25:03.327, 3, 163415 MiB, 77 %
2026/08/06 10:25:03.327, 4, 0 MiB, 0 %
2026/08/06 10:25:03.327, 5, 0 MiB, 0 %
2026/08/06 10:25:03.327, 6, 0 MiB, 0 %
2026/08/06 10:25:03.327, 7, 0 MiB, 0 %
2026/08/06 10:25:04.327, 0, 163799 MiB, 79 %
2026/08/06 10:25:04.327, 1, 163895 MiB, 27 %
2026/08/06 10:25:04.327, 2, 163895 MiB, 92 %
2026/08/06 10:25:04.327, 3, 163415 MiB, 92 %
2026/08/06 10:25:04.327, 4, 0 MiB, 0 %
2026/08/06 10:25:04.327, 5, 0 MiB, 0 %
2026/08/06 10:25:04.327, 6, 0 MiB, 0 %
2026/08/06 10:25:04.327, 7, 0 MiB, 0 %
2026/08/06 10:25:05.327, 0, 163799 MiB, 56 %
2026/08/06 10:25:05.327, 1, 163895 MiB, 15 %
2026/08/06 10:25:05.327, 2, 163895 MiB, 94 %
2026/08/06 10:25:05.327, 3, 163415 MiB, 79 %
2026/08/06 10:25:05.327, 4, 0 MiB, 0 %
2026/08/06 10:25:05.327, 5, 0 MiB, 0 %
2026/08/06 10:25:05.327, 6, 0 MiB, 0 %
2026/08/06 10:25:05.327, 7, 0 MiB, 0 %
2026/08/06 10:25:06.327, 0, 163799 MiB, 71 %
2026/08/06 10:25:06.327, 1, 163895 MiB, 34 %
2026/08/06 10:25:06.327, 2, 163895 MiB, 87 %
2026/08/06 10:25:06.327, 3, 163415 MiB, 69 %
2026/08/06 10:25:06.327, 4, 0 MiB, 0 %
2026/08/06 10:25:06.327, 5, 0 MiB, 0 %
2026/08/06 10:25:06.327, 6, 0 MiB, 0 %
2026/08/06 10:25:06.327, 7, 0 MiB, 0 %
2026/08/06 10:25:07.327, 0, 163799 MiB, 71 %
2026/08/06 10:25:07.327, 1, 163895 MiB, 14 %
2026/08/06 10:25:07.327, 2, 163895 MiB, 92 %
2026/08/06 10:25:07.327, 3, 163415 MiB, 84 %
2026/08/06 10:25:07.327, 4, 0 MiB, 0 %
2026/08/06 10:25:07.327, 5, 0 MiB, 0 %
2026/08/06 10:25:07.327, 6, 0 MiB, 0 %
2026/08/06 10:25:07.327, 7, 0 MiB, 0 %
2026/08/06 10:25:08.328, 0, 163799 MiB, 44 %
2026/08/06 10:25:08.328, 1, 163895 MiB, 100 %
2026/08/06 10:25:08.328, 2, 163895 MiB, 91 %
2026/08/06 10:25:08.328, 3, 163415 MiB, 100 %
2026/08/06 10:25:08.328, 4, 0 MiB, 0 %
2026/08/06 10:25:08.328, 5, 0 MiB, 0 %
2026/08/06 10:25:08.328, 6, 0 MiB, 0 %
2026/08/06 10:25:08.328, 7, 0 MiB, 0 %
2026/08/06 10:25:09.328, 0, 163799 MiB, 92 %
2026/08/06 10:25:09.328, 1, 163895 MiB, 100 %
2026/08/06 10:25:09.328, 2, 163895 MiB, 100 %
2026/08/06 10:25:09.328, 3, 163415 MiB, 88 %
2026/08/06 10:25:09.328, 4, 0 MiB, 0 %
2026/08/06 10:25:09.328, 5, 0 MiB, 0 %
2026/08/06 10:25:09.328, 6, 0 MiB, 0 %
2026/08/06 10:25:09.328, 7, 0 MiB, 0 %
2026/08/06 10:25:10.328, 0, 163799 MiB, 83 %
2026/08/06 10:25:10.328, 1, 163895 MiB, 25 %
2026/08/06 10:25:10.328, 2, 163895 MiB, 91 %
2026/08/06 10:25:10.328, 3, 163415 MiB, 71 %
2026/08/06 10:25:10.328, 4, 0 MiB, 0 %
2026/08/06 10:25:10.328, 5, 0 MiB, 0 %
2026/08/06 10:25:10.328, 6, 0 MiB, 0 %
2026/08/06 10:25:10.328, 7, 0 MiB, 0 %
2026/08/06 10:25:11.328, 0, 163799 MiB, 86 %
2026/08/06 10:25:11.328, 1, 163895 MiB, 20 %
2026/08/06 10:25:11.328, 2, 163895 MiB, 91 %
2026/08/06 10:25:11.328, 3, 163415 MiB, 33 %
2026/08/06 10:25:11.328, 4, 0 MiB, 0 %
2026/08/06 10:25:11.328, 5, 0 MiB, 0 %
2026/08/06 10:25:11.328, 6, 0 MiB, 0 %
2026/08/06 10:25:11.328, 7, 0 MiB, 0 %
2026/08/06 10:25:12.328, 0, 163799 MiB, 68 %
2026/08/06 10:25:12.329, 1, 163895 MiB, 47 %
2026/08/06 10:25:12.329, 2, 163895 MiB, 89 %
2026/08/06 10:25:12.329, 3, 163415 MiB, 30 %
2026/08/06 10:25:12.329, 4, 0 MiB, 0 %
2026/08/06 10:25:12.329, 5, 0 MiB, 0 %
2026/08/06 10:25:12.329, 6, 0 MiB, 0 %
2026/08/06 10:25:12.329, 7, 0 MiB, 0 %
2026/08/06 10:25:13.329, 0, 163799 MiB, 85 %
2026/08/06 10:25:13.329, 1, 163895 MiB, 55 %
2026/08/06 10:25:13.329, 2, 163895 MiB, 87 %
2026/08/06 10:25:13.329, 3, 163415 MiB, 86 %
2026/08/06 10:25:13.329, 4, 0 MiB, 0 %
2026/08/06 10:25:13.329, 5, 0 MiB, 0 %
2026/08/06 10:25:13.329, 6, 0 MiB, 0 %
2026/08/06 10:25:13.329, 7, 0 MiB, 0 %
2026/08/06 10:25:14.329, 0, 163799 MiB, 75 %
2026/08/06 10:25:14.329, 1, 163895 MiB, 14 %
2026/08/06 10:25:14.329, 2, 163895 MiB, 91 %
2026/08/06 10:25:14.329, 3, 163415 MiB, 76 %
2026/08/06 10:25:14.329, 4, 0 MiB, 0 %
2026/08/06 10:25:14.329, 5, 0 MiB, 0 %
2026/08/06 10:25:14.329, 6, 0 MiB, 0 %
2026/08/06 10:25:14.329, 7, 0 MiB, 0 %
2026/08/06 10:25:15.329, 0, 163799 MiB, 89 %
2026/08/06 10:25:15.329, 1, 163895 MiB, 35 %
2026/08/06 10:25:15.329, 2, 163895 MiB, 78 %
2026/08/06 10:25:15.329, 3, 163415 MiB, 88 %
2026/08/06 10:25:15.329, 4, 0 MiB, 0 %
2026/08/06 10:25:15.329, 5, 0 MiB, 0 %
2026/08/06 10:25:15.329, 6, 0 MiB, 0 %
2026/08/06 10:25:15.329, 7, 0 MiB, 0 %
2026/08/06 10:25:16.329, 0, 163799 MiB, 68 %
2026/08/06 10:25:16.329, 1, 163895 MiB, 15 %
2026/08/06 10:25:16.329, 2, 163895 MiB, 93 %
2026/08/06 10:25:16.329, 3, 163415 MiB, 78 %
2026/08/06 10:25:16.329, 4, 0 MiB, 0 %
2026/08/06 10:25:16.329, 5, 0 MiB, 0 %
2026/08/06 10:25:16.329, 6, 0 MiB, 0 %
2026/08/06 10:25:16.329, 7, 0 MiB, 0 %
2026/08/06 10:25:17.330, 0, 163799 MiB, 90 %
2026/08/06 10:25:17.330, 1, 163895 MiB, 15 %
2026/08/06 10:25:17.330, 2, 163895 MiB, 93 %
2026/08/06 10:25:17.330, 3, 163415 MiB, 88 %
2026/08/06 10:25:17.330, 4, 0 MiB, 0 %
2026/08/06 10:25:17.330, 5, 0 MiB, 0 %
2026/08/06 10:25:17.330, 6, 0 MiB, 0 %
2026/08/06 10:25:17.330, 7, 0 MiB, 0 %
2026/08/06 10:25:18.330, 0, 163799 MiB, 83 %
2026/08/06 10:25:18.330, 1, 163895 MiB, 65 %
2026/08/06 10:25:18.330, 2, 163895 MiB, 91 %
2026/08/06 10:25:18.330, 3, 163415 MiB, 28 %
2026/08/06 10:25:18.330, 4, 0 MiB, 0 %
2026/08/06 10:25:18.330, 5, 0 MiB, 0 %
2026/08/06 10:25:18.330, 6, 0 MiB, 0 %
2026/08/06 10:25:18.330, 7, 0 MiB, 0 %
2026/08/06 10:25:19.330, 0, 163799 MiB, 64 %
2026/08/06 10:25:19.330, 1, 163895 MiB, 18 %
2026/08/06 10:25:19.330, 2, 163895 MiB, 90 %
2026/08/06 10:25:19.330, 3, 163415 MiB, 40 %
2026/08/06 10:25:19.330, 4, 0 MiB, 0 %
2026/08/06 10:25:19.330, 5, 0 MiB, 0 %
2026/08/06 10:25:19.330, 6, 0 MiB, 0 %
2026/08/06 10:25:19.330, 7, 0 MiB, 0 %
2026/08/06 10:25:20.330, 0, 163799 MiB, 79 %
2026/08/06 10:25:20.330, 1, 163895 MiB, 61 %
2026/08/06 10:25:20.330, 2, 163895 MiB, 84 %
2026/08/06 10:25:20.330, 3, 163415 MiB, 78 %
2026/08/06 10:25:20.330, 4, 0 MiB, 0 %
2026/08/06 10:25:20.330, 5, 0 MiB, 0 %
2026/08/06 10:25:20.330, 6, 0 MiB, 0 %
2026/08/06 10:25:20.330, 7, 0 MiB, 0 %
2026/08/06 10:25:21.330, 0, 163799 MiB, 88 %
2026/08/06 10:25:21.330, 1, 163895 MiB, 44 %
2026/08/06 10:25:21.330, 2, 163895 MiB, 92 %
2026/08/06 10:25:21.330, 3, 163415 MiB, 71 %
2026/08/06 10:25:21.330, 4, 0 MiB, 0 %
2026/08/06 10:25:21.330, 5, 0 MiB, 0 %
2026/08/06 10:25:21.330, 6, 0 MiB, 0 %
2026/08/06 10:25:21.330, 7, 0 MiB, 0 %
2026/08/06 10:25:22.331, 0, 163799 MiB, 88 %
2026/08/06 10:25:22.331, 1, 163895 MiB, 25 %
2026/08/06 10:25:22.333, 2, 163895 MiB, 92 %
2026/08/06 10:25:22.333, 3, 163415 MiB, 65 %
2026/08/06 10:25:22.334, 4, 0 MiB, 0 %
2026/08/06 10:25:22.334, 5, 0 MiB, 0 %
2026/08/06 10:25:22.334, 6, 0 MiB, 0 %
2026/08/06 10:25:22.334, 7, 0 MiB, 0 %
2026/08/06 10:25:23.334, 0, 163799 MiB, 84 %
2026/08/06 10:25:23.334, 1, 163895 MiB, 82 %
2026/08/06 10:25:23.334, 2, 163895 MiB, 81 %
2026/08/06 10:25:23.334, 3, 163415 MiB, 58 %
2026/08/06 10:25:23.334, 4, 0 MiB, 0 %
2026/08/06 10:25:23.334, 5, 0 MiB, 0 %
2026/08/06 10:25:23.334, 6, 0 MiB, 0 %
2026/08/06 10:25:23.334, 7, 0 MiB, 0 %
2026/08/06 10:25:24.335, 0, 163799 MiB, 81 %
2026/08/06 10:25:24.335, 1, 163895 MiB, 63 %
2026/08/06 10:25:24.335, 2, 163895 MiB, 90 %
2026/08/06 10:25:24.335, 3, 163415 MiB, 24 %
2026/08/06 10:25:24.335, 4, 0 MiB, 0 %
2026/08/06 10:25:24.335, 5, 0 MiB, 0 %
2026/08/06 10:25:24.335, 6, 0 MiB, 0 %
2026/08/06 10:25:24.335, 7, 0 MiB, 0 %
2026/08/06 10:25:25.335, 0, 163799 MiB, 75 %
2026/08/06 10:25:25.335, 1, 163895 MiB, 30 %
2026/08/06 10:25:25.335, 2, 163895 MiB, 91 %
2026/08/06 10:25:25.335, 3, 163415 MiB, 48 %
2026/08/06 10:25:25.335, 4, 0 MiB, 0 %
2026/08/06 10:25:25.335, 5, 0 MiB, 0 %
2026/08/06 10:25:25.335, 6, 0 MiB, 0 %
2026/08/06 10:25:25.335, 7, 0 MiB, 0 %
2026/08/06 10:25:26.335, 0, 163799 MiB, 80 %
2026/08/06 10:25:26.335, 1, 163895 MiB, 14 %
2026/08/06 10:25:26.335, 2, 163895 MiB, 92 %
2026/08/06 10:25:26.335, 3, 163415 MiB, 79 %
2026/08/06 10:25:26.335, 4, 0 MiB, 0 %
2026/08/06 10:25:26.335, 5, 0 MiB, 0 %
2026/08/06 10:25:26.335, 6, 0 MiB, 0 %
2026/08/06 10:25:26.335, 7, 0 MiB, 0 %
2026/08/06 10:25:27.335, 0, 163799 MiB, 62 %
2026/08/06 10:25:27.335, 1, 163895 MiB, 15 %
2026/08/06 10:25:27.335, 2, 163895 MiB, 92 %
2026/08/06 10:25:27.335, 3, 163415 MiB, 80 %
2026/08/06 10:25:27.335, 4, 0 MiB, 0 %
2026/08/06 10:25:27.335, 5, 0 MiB, 0 %
2026/08/06 10:25:27.335, 6, 0 MiB, 0 %
2026/08/06 10:25:27.335, 7, 0 MiB, 0 %
2026/08/06 10:25:28.335, 0, 163799 MiB, 80 %
2026/08/06 10:25:28.335, 1, 163895 MiB, 15 %
2026/08/06 10:25:28.335, 2, 163895 MiB, 91 %
2026/08/06 10:25:28.335, 3, 163415 MiB, 68 %
2026/08/06 10:25:28.335, 4, 0 MiB, 0 %
2026/08/06 10:25:28.335, 5, 0 MiB, 0 %
2026/08/06 10:25:28.335, 6, 0 MiB, 0 %
2026/08/06 10:25:28.335, 7, 0 MiB, 0 %
2026/08/06 10:25:29.335, 0, 162599 MiB, 0 %
2026/08/06 10:25:29.335, 1, 162663 MiB, 0 %
2026/08/06 10:25:29.336, 2, 162663 MiB, 0 %
2026/08/06 10:25:29.336, 3, 162343 MiB, 0 %
2026/08/06 10:25:29.336, 4, 0 MiB, 0 %
2026/08/06 10:25:29.336, 5, 0 MiB, 0 %
2026/08/06 10:25:29.336, 6, 0 MiB, 0 %
2026/08/06 10:25:29.336, 7, 0 MiB, 0 %
2026/08/06 10:25:30.336, 0, 161911 MiB, 0 %
2026/08/06 10:25:30.336, 1, 161943 MiB, 0 %
2026/08/06 10:25:30.336, 2, 161943 MiB, 0 %
2026/08/06 10:25:30.336, 3, 161783 MiB, 0 %
2026/08/06 10:25:30.336, 4, 0 MiB, 0 %
2026/08/06 10:25:30.336, 5, 0 MiB, 0 %
2026/08/06 10:25:30.336, 6, 0 MiB, 0 %
2026/08/06 10:25:30.336, 7, 0 MiB, 0 %
2026/08/06 10:25:31.336, 0, 161873 MiB, 0 %
2026/08/06 10:25:31.336, 1, 161905 MiB, 0 %
2026/08/06 10:25:31.336, 2, 161905 MiB, 0 %
2026/08/06 10:25:31.336, 3, 161745 MiB, 0 %
2026/08/06 10:25:31.336, 4, 0 MiB, 0 %
2026/08/06 10:25:31.336, 5, 0 MiB, 0 %
2026/08/06 10:25:31.336, 6, 0 MiB, 0 %
2026/08/06 10:25:31.336, 7, 0 MiB, 0 %
2026/08/06 10:25:32.336, 0, 161871 MiB, 0 %
2026/08/06 10:25:32.525, 1, 161903 MiB, 0 %
2026/08/06 10:25:32.531, 2, 161903 MiB, 0 %
2026/08/06 10:25:32.531, 3, 606 MiB, 0 %
2026/08/06 10:25:32.531, 4, 0 MiB, 0 %
2026/08/06 10:25:32.532, 5, 0 MiB, 0 %
2026/08/06 10:25:32.532, 6, 0 MiB, 0 %
2026/08/06 10:25:32.532, 7, 0 MiB, 0 %
2026/08/06 10:25:33.532, 0, 4 MiB, 0 %
2026/08/06 10:25:33.633, 1, 4 MiB, 27 %
2026/08/06 10:25:33.644, 2, 4 MiB, 0 %
2026/08/06 10:25:33.644, 3, 4 MiB, 0 %
2026/08/06 10:25:33.644, 4, 0 MiB, 0 %
2026/08/06 10:25:33.644, 5, 0 MiB, 0 %
2026/08/06 10:25:33.644, 6, 0 MiB, 0 %
2026/08/06 10:25:33.645, 7, 0 MiB, 0 %
2026/08/06 10:25:34.645, 0, 4 MiB, 0 %
2026/08/06 10:25:34.645, 1, 4 MiB, 0 %
2026/08/06 10:25:34.645, 2, 4 MiB, 0 %
2026/08/06 10:25:34.645, 3, 4 MiB, 0 %
2026/08/06 10:25:34.645, 4, 0 MiB, 0 %
2026/08/06 10:25:34.645, 5, 0 MiB, 0 %
2026/08/06 10:25:34.645, 6, 0 MiB, 0 %
2026/08/06 10:25:34.645, 7, 0 MiB, 0 %
