model_id,configuration,topology_level,vector_id,replica_id,measurement_id,repeat_count,concurrent_wave_us,matched_solo_max_us,concurrent_repeat_cv
qwen3-8b,P1D4,L1,qwen3-8b__p1d4__third_blind_v00,0,qwen3-8b__p1d4__l1__r0,5,425.70550000000003,161.442,0.020165310685713887
qwen3-8b,P1D4,L1,qwen3-8b__p1d4__third_blind_v00,1,qwen3-8b__p1d4__l1__r1,5,422.95849999999996,171.485,0.011310331281606955
qwen3-8b,P1D4,L1,qwen3-8b__p1d4__third_blind_v01,0,qwen3-8b__p1d4__l1__r0,5,462.252,170.498,0.015559871154218499
qwen3-8b,P1D4,L1,qwen3-8b__p1d4__third_blind_v01,1,qwen3-8b__p1d4__l1__r1,5,466.792,179.439,0.015710866588984546
qwen3-8b,P1D4,L1,qwen3-8b__p1d4__third_blind_v02,0,qwen3-8b__p1d4__l1__r0,5,556.4575,205.174,0.009715064736482228
qwen3-8b,P1D4,L1,qwen3-8b__p1d4__third_blind_v02,1,qwen3-8b__p1d4__l1__r1,5,557.456,221.711,0.006702252178989311
qwen3-8b,P1D4,L1,qwen3-8b__p1d4__third_blind_v03,0,qwen3-8b__p1d4__l1__r0,5,646.376,228.217,0.011025122769472363
qwen3-8b,P1D4,L1,qwen3-8b__p1d4__third_blind_v03,1,qwen3-8b__p1d4__l1__r1,5,649.852,246.392,0.006242601639931692
qwen3-8b,P1D4,L1,qwen3-8b__p1d4__third_blind_v04,0,qwen3-8b__p1d4__l1__r0,5,743.083,252.169,0.008059641760170336
qwen3-8b,P1D4,L1,qwen3-8b__p1d4__third_blind_v04,1,qwen3-8b__p1d4__l1__r1,5,747.44,276.892,0.012060061537799219
qwen3-8b,P1D4,L1,qwen3-8b__p1d4__third_blind_v05,0,qwen3-8b__p1d4__l1__r0,5,596.066,227.051,0.0052946006349122695
qwen3-8b,P1D4,L1,qwen3-8b__p1d4__third_blind_v05,1,qwen3-8b__p1d4__l1__r1,5,592.975,242.677,0.021126643769037185
qwen3-8b,P1D4,L1,qwen3-8b__p1d4__third_blind_v06,0,qwen3-8b__p1d4__l1__r0,5,513.166,202.201,0.05099668234591602
qwen3-8b,P1D4,L1,qwen3-8b__p1d4__third_blind_v06,1,qwen3-8b__p1d4__l1__r1,5,523.37,218.795,0.04236750484522714
qwen3-8b,P1D4,L1,qwen3-8b__p1d4__third_blind_v07,0,qwen3-8b__p1d4__l1__r0,5,671.8119999999999,249.611,0.01391243453692465
qwen3-8b,P1D4,L1,qwen3-8b__p1d4__third_blind_v07,1,qwen3-8b__p1d4__l1__r1,5,678.466,265.8405,0.0241096644245924
qwen3-8b,P1D4,L1,qwen3-8b__p1d4__third_blind_v08,0,qwen3-8b__p1d4__l1__r0,5,660.2305,249.197,0.016862980712972184
qwen3-8b,P1D4,L1,qwen3-8b__p1d4__third_blind_v08,1,qwen3-8b__p1d4__l1__r1,5,651.2085,266.547,0.01422865493957826
qwen3-8b,P1D4,L1,qwen3-8b__p1d4__third_blind_v09,0,qwen3-8b__p1d4__l1__r0,5,642.3415,249.4615,0.006347271615942369
qwen3-8b,P1D4,L1,qwen3-8b__p1d4__third_blind_v09,1,qwen3-8b__p1d4__l1__r1,5,626.588,264.7435,0.025025584828619482
qwen3-8b,P1D4,L2,qwen3-8b__p1d4__third_blind_v00,0,qwen3-8b__p1d4__l2__r0,5,426.40549999999996,170.35399999999998,0.017344406519984933
qwen3-8b,P1D4,L2,qwen3-8b__p1d4__third_blind_v00,1,qwen3-8b__p1d4__l2__r1,5,427.3765,169.517,0.0031489763366716315
qwen3-8b,P1D4,L2,qwen3-8b__p1d4__third_blind_v01,0,qwen3-8b__p1d4__l2__r0,5,472.672,178.738,0.01783758375243837
qwen3-8b,P1D4,L2,qwen3-8b__p1d4__third_blind_v01,1,qwen3-8b__p1d4__l2__r1,5,471.426,179.833,0.0018697410066921291
qwen3-8b,P1D4,L2,qwen3-8b__p1d4__third_blind_v02,0,qwen3-8b__p1d4__l2__r0,5,556.7249999999999,219.864,0.016694900485679603
qwen3-8b,P1D4,L2,qwen3-8b__p1d4__third_blind_v02,1,qwen3-8b__p1d4__l2__r1,5,560.8505,219.0395,0.005863827739998234
qwen3-8b,P1D4,L2,qwen3-8b__p1d4__third_blind_v03,0,qwen3-8b__p1d4__l2__r0,5,655.14,243.591,0.015329907000872691
qwen3-8b,P1D4,L2,qwen3-8b__p1d4__third_blind_v03,1,qwen3-8b__p1d4__l2__r1,5,654.871,244.607,0.003886161065318509
qwen3-8b,P1D4,L2,qwen3-8b__p1d4__third_blind_v04,0,qwen3-8b__p1d4__l2__r0,5,749.565,265.909,0.012987320034910583
qwen3-8b,P1D4,L2,qwen3-8b__p1d4__third_blind_v04,1,qwen3-8b__p1d4__l2__r1,5,750.981,266.417,0.003323560308471951
qwen3-8b,P1D4,L2,qwen3-8b__p1d4__third_blind_v05,0,qwen3-8b__p1d4__l2__r0,5,586.13,239.919,0.020485226389638858
qwen3-8b,P1D4,L2,qwen3-8b__p1d4__third_blind_v05,1,qwen3-8b__p1d4__l2__r1,5,588.923,241.247,0.007230921799195956
qwen3-8b,P1D4,L2,qwen3-8b__p1d4__third_blind_v06,0,qwen3-8b__p1d4__l2__r0,5,521.742,216.936,0.03319353351120914
qwen3-8b,P1D4,L2,qwen3-8b__p1d4__third_blind_v06,1,qwen3-8b__p1d4__l2__r1,5,534.819,219.099,0.012392421406467846
qwen3-8b,P1D4,L2,qwen3-8b__p1d4__third_blind_v07,0,qwen3-8b__p1d4__l2__r0,5,662.9905,263.8075,0.012928479202795483
qwen3-8b,P1D4,L2,qwen3-8b__p1d4__third_blind_v07,1,qwen3-8b__p1d4__l2__r1,5,666.7705000000001,264.7595,0.0039030327784630443
qwen3-8b,P1D4,L2,qwen3-8b__p1d4__third_blind_v08,0,qwen3-8b__p1d4__l2__r0,5,654.2935,264.3745,0.014210839040708642
qwen3-8b,P1D4,L2,qwen3-8b__p1d4__third_blind_v08,1,qwen3-8b__p1d4__l2__r1,5,655.163,265.54150000000004,0.013555581529678803
qwen3-8b,P1D4,L2,qwen3-8b__p1d4__third_blind_v09,0,qwen3-8b__p1d4__l2__r0,5,612.7674999999999,264.553,0.0058898883494946375
qwen3-8b,P1D4,L2,qwen3-8b__p1d4__third_blind_v09,1,qwen3-8b__p1d4__l2__r1,5,615.5174999999999,266.36850000000004,0.01790005528277953
qwen3-8b,P1D4,L3,qwen3-8b__p1d4__third_blind_v00,0,qwen3-8b__p1d4__l3__r0,5,428.6825,174.4325,0.0035446293893254825
qwen3-8b,P1D4,L3,qwen3-8b__p1d4__third_blind_v00,1,qwen3-8b__p1d4__l3__r1,5,429.3155,170.59199999999998,0.0022315815691375503
qwen3-8b,P1D4,L3,qwen3-8b__p1d4__third_blind_v01,0,qwen3-8b__p1d4__l3__r0,5,473.574,179.469,0.0017387818428038194
qwen3-8b,P1D4,L3,qwen3-8b__p1d4__third_blind_v01,1,qwen3-8b__p1d4__l3__r1,5,474.708,179.731,0.0020565374686520982
qwen3-8b,P1D4,L3,qwen3-8b__p1d4__third_blind_v02,0,qwen3-8b__p1d4__l3__r0,5,561.2945,219.253,0.004471375185285814
qwen3-8b,P1D4,L3,qwen3-8b__p1d4__third_blind_v02,1,qwen3-8b__p1d4__l3__r1,5,560.553,227.733,0.00295012536452505
qwen3-8b,P1D4,L3,qwen3-8b__p1d4__third_blind_v03,0,qwen3-8b__p1d4__l3__r0,5,656.263,243.204,0.0029747265195096345
qwen3-8b,P1D4,L3,qwen3-8b__p1d4__third_blind_v03,1,qwen3-8b__p1d4__l3__r1,5,656.072,244.453,0.002541475497218027
qwen3-8b,P1D4,L3,qwen3-8b__p1d4__third_blind_v04,0,qwen3-8b__p1d4__l3__r0,5,751.717,267.813,0.002738865388016046
qwen3-8b,P1D4,L3,qwen3-8b__p1d4__third_blind_v04,1,qwen3-8b__p1d4__l3__r1,5,753.522,267.853,0.0030262270130757252
qwen3-8b,P1D4,L3,qwen3-8b__p1d4__third_blind_v05,0,qwen3-8b__p1d4__l3__r0,5,586.308,242.826,0.007926312509824689
qwen3-8b,P1D4,L3,qwen3-8b__p1d4__third_blind_v05,1,qwen3-8b__p1d4__l3__r1,5,590.434,243.165,0.010604456995677362
qwen3-8b,P1D4,L3,qwen3-8b__p1d4__third_blind_v06,0,qwen3-8b__p1d4__l3__r0,5,532.322,218.628,0.007461399786974623
qwen3-8b,P1D4,L3,qwen3-8b__p1d4__third_blind_v06,1,qwen3-8b__p1d4__l3__r1,5,537.37,218.673,0.01441500637674319
qwen3-8b,P1D4,L3,qwen3-8b__p1d4__third_blind_v07,0,qwen3-8b__p1d4__l3__r0,5,663.8295,265.3595,0.00498930286041426
qwen3-8b,P1D4,L3,qwen3-8b__p1d4__third_blind_v07,1,qwen3-8b__p1d4__l3__r1,5,667.9114999999999,266.7905,0.006631083334616322
qwen3-8b,P1D4,L3,qwen3-8b__p1d4__third_blind_v08,0,qwen3-8b__p1d4__l3__r0,5,656.26,265.3365,0.005195743210695679
qwen3-8b,P1D4,L3,qwen3-8b__p1d4__third_blind_v08,1,qwen3-8b__p1d4__l3__r1,5,655.885,266.2865,0.013743924841321984
qwen3-8b,P1D4,L3,qwen3-8b__p1d4__third_blind_v09,0,qwen3-8b__p1d4__l3__r0,5,613.518,264.9375,0.005479623421731005
qwen3-8b,P1D4,L3,qwen3-8b__p1d4__third_blind_v09,1,qwen3-8b__p1d4__l3__r1,5,615.6105,265.5285,0.01970315936866422
qwen3-8b,P4D1,L1,qwen3-8b__p4d1__third_blind_v00,0,qwen3-8b__p4d1__l1__r0,5,456.7655,171.48149999999998,0.017109457830017303
qwen3-8b,P4D1,L1,qwen3-8b__p4d1__third_blind_v00,1,qwen3-8b__p4d1__l1__r1,5,466.5315,171.976,0.008126529595326875
qwen3-8b,P4D1,L1,qwen3-8b__p4d1__third_blind_v01,0,qwen3-8b__p4d1__l1__r0,5,510.045,181.38,0.012397189006633986
qwen3-8b,P4D1,L1,qwen3-8b__p4d1__third_blind_v01,1,qwen3-8b__p4d1__l1__r1,5,512.896,182.276,0.008778616710723748
qwen3-8b,P4D1,L1,qwen3-8b__p4d1__third_blind_v02,0,qwen3-8b__p4d1__l1__r0,5,600.3505,219.272,0.012269159316314952
qwen3-8b,P4D1,L1,qwen3-8b__p4d1__third_blind_v02,1,qwen3-8b__p4d1__l1__r1,5,605.669,225.312,0.011552291066603576
qwen3-8b,P4D1,L1,qwen3-8b__p4d1__third_blind_v03,0,qwen3-8b__p4d1__l1__r0,5,690.074,243.894,0.009838383492974088
qwen3-8b,P4D1,L1,qwen3-8b__p4d1__third_blind_v03,1,qwen3-8b__p4d1__l1__r1,5,702.058,247.656,0.01514136970647354
qwen3-8b,P4D1,L1,qwen3-8b__p4d1__third_blind_v04,0,qwen3-8b__p4d1__l1__r0,5,785.411,266.863,0.010202388710022714
qwen3-8b,P4D1,L1,qwen3-8b__p4d1__third_blind_v04,1,qwen3-8b__p4d1__l1__r1,5,799.364,272.933,0.013362517884519249
qwen3-8b,P4D1,L1,qwen3-8b__p4d1__third_blind_v05,0,qwen3-8b__p4d1__l1__r0,5,562.424,242.419,0.01304456418872625
qwen3-8b,P4D1,L1,qwen3-8b__p4d1__third_blind_v05,1,qwen3-8b__p4d1__l1__r1,5,561.005,241.91,0.009397763116213554
qwen3-8b,P4D1,L1,qwen3-8b__p4d1__third_blind_v06,0,qwen3-8b__p4d1__l1__r0,5,526.476,220.63,0.01592746196448041
qwen3-8b,P4D1,L1,qwen3-8b__p4d1__third_blind_v06,1,qwen3-8b__p4d1__l1__r1,5,530.053,220.158,0.015577621466836656
qwen3-8b,P4D1,L1,qwen3-8b__p4d1__third_blind_v07,0,qwen3-8b__p4d1__l1__r0,5,641.535,266.735,0.014829007580353435
qwen3-8b,P4D1,L1,qwen3-8b__p4d1__third_blind_v07,1,qwen3-8b__p4d1__l1__r1,5,646.146,266.2125,0.013834832928068686
qwen3-8b,P4D1,L1,qwen3-8b__p4d1__third_blind_v08,0,qwen3-8b__p4d1__l1__r0,5,606.2875,265.7005,0.0132980542245408
qwen3-8b,P4D1,L1,qwen3-8b__p4d1__third_blind_v08,1,qwen3-8b__p4d1__l1__r1,5,608.3905,266.718,0.012263810626236889
qwen3-8b,P4D1,L1,qwen3-8b__p4d1__third_blind_v09,0,qwen3-8b__p4d1__l1__r0,5,575.765,265.993,0.011177378532998978
qwen3-8b,P4D1,L1,qwen3-8b__p4d1__third_blind_v09,1,qwen3-8b__p4d1__l1__r1,5,578.7805000000001,266.711,0.005966920988606813
qwen3-8b,P4D1,L2,qwen3-8b__p4d1__third_blind_v00,0,qwen3-8b__p4d1__l2__r0,5,450.83050000000003,162.299,0.010361674429202992
qwen3-8b,P4D1,L2,qwen3-8b__p4d1__third_blind_v00,1,qwen3-8b__p4d1__l2__r1,5,453.53499999999997,170.37099999999998,0.03944920620796811
qwen3-8b,P4D1,L2,qwen3-8b__p4d1__third_blind_v01,0,qwen3-8b__p4d1__l2__r0,5,496.074,172.564,0.019391347151012213
qwen3-8b,P4D1,L2,qwen3-8b__p4d1__third_blind_v01,1,qwen3-8b__p4d1__l2__r1,5,507.383,182.076,0.015228199796560404
qwen3-8b,P4D1,L2,qwen3-8b__p4d1__third_blind_v02,0,qwen3-8b__p4d1__l2__r0,5,586.52,206.42700000000002,0.014761044504821578
qwen3-8b,P4D1,L2,qwen3-8b__p4d1__third_blind_v02,1,qwen3-8b__p4d1__l2__r1,5,599.6155,220.08749999999998,0.01874951131976342
qwen3-8b,P4D1,L2,qwen3-8b__p4d1__third_blind_v03,0,qwen3-8b__p4d1__l2__r0,5,688.512,230.871,0.01944509282482892
qwen3-8b,P4D1,L2,qwen3-8b__p4d1__third_blind_v03,1,qwen3-8b__p4d1__l2__r1,5,691.949,247.379,0.02268063472817864
qwen3-8b,P4D1,L2,qwen3-8b__p4d1__third_blind_v04,0,qwen3-8b__p4d1__l2__r0,5,780.249,262.754,0.026142179098638356
qwen3-8b,P4D1,L2,qwen3-8b__p4d1__third_blind_v04,1,qwen3-8b__p4d1__l2__r1,5,772.002,266.924,0.036645148341377914
qwen3-8b,P4D1,L2,qwen3-8b__p4d1__third_blind_v05,0,qwen3-8b__p4d1__l2__r0,5,546.932,226.542,0.013630009127235965
qwen3-8b,P4D1,L2,qwen3-8b__p4d1__third_blind_v05,1,qwen3-8b__p4d1__l2__r1,5,529.64,240.346,0.049928217491902474
qwen3-8b,P4D1,L2,qwen3-8b__p4d1__third_blind_v06,0,qwen3-8b__p4d1__l2__r0,5,517.003,203.816,0.02306682465601567
qwen3-8b,P4D1,L2,qwen3-8b__p4d1__third_blind_v06,1,qwen3-8b__p4d1__l2__r1,5,508.164,217.997,0.024906998649577905
qwen3-8b,P4D1,L2,qwen3-8b__p4d1__third_blind_v07,0,qwen3-8b__p4d1__l2__r0,5,625.8375,250.281,0.04369050836261975
qwen3-8b,P4D1,L2,qwen3-8b__p4d1__third_blind_v07,1,qwen3-8b__p4d1__l2__r1,5,597.4739999999999,265.2895,0.04833450230999684
qwen3-8b,P4D1,L2,qwen3-8b__p4d1__third_blind_v08,0,qwen3-8b__p4d1__l2__r0,5,577.3765,250.6945,0.03545584745268193
qwen3-8b,P4D1,L2,qwen3-8b__p4d1__third_blind_v08,1,qwen3-8b__p4d1__l2__r1,5,548.701,265.88599999999997,0.05997729609498169
qwen3-8b,P4D1,L2,qwen3-8b__p4d1__third_blind_v09,0,qwen3-8b__p4d1__l2__r0,5,554.5695000000001,250.2125,0.03778402448384015
qwen3-8b,P4D1,L2,qwen3-8b__p4d1__third_blind_v09,1,qwen3-8b__p4d1__l2__r1,5,549.8395,266.1685,0.025692057985934488
qwen3-8b,P4D1,L3,qwen3-8b__p4d1__third_blind_v00,0,qwen3-8b__p4d1__l3__r0,5,461.322,171.1985,0.031237214417022072
qwen3-8b,P4D1,L3,qwen3-8b__p4d1__third_blind_v00,1,qwen3-8b__p4d1__l3__r1,5,448.6965,169.6575,0.02630217186240241
qwen3-8b,P4D1,L3,qwen3-8b__p4d1__third_blind_v01,0,qwen3-8b__p4d1__l3__r0,5,503.878,180.901,0.03799292528319441
qwen3-8b,P4D1,L3,qwen3-8b__p4d1__third_blind_v01,1,qwen3-8b__p4d1__l3__r1,5,490.525,178.996,0.04067129709249785
qwen3-8b,P4D1,L3,qwen3-8b__p4d1__third_blind_v02,0,qwen3-8b__p4d1__l3__r0,5,591.5975000000001,221.1945,0.04181203896150733
qwen3-8b,P4D1,L3,qwen3-8b__p4d1__third_blind_v02,1,qwen3-8b__p4d1__l3__r1,5,589.2860000000001,204.498,0.018936158035836478
qwen3-8b,P4D1,L3,qwen3-8b__p4d1__third_blind_v03,0,qwen3-8b__p4d1__l3__r0,5,692.531,245.596,0.016831706072231948
qwen3-8b,P4D1,L3,qwen3-8b__p4d1__third_blind_v03,1,qwen3-8b__p4d1__l3__r1,5,691.983,229.428,0.009992110116028909
qwen3-8b,P4D1,L3,qwen3-8b__p4d1__third_blind_v04,0,qwen3-8b__p4d1__l3__r0,5,788.219,267.228,0.014529571312074519
qwen3-8b,P4D1,L3,qwen3-8b__p4d1__third_blind_v04,1,qwen3-8b__p4d1__l3__r1,5,786.015,253.749,0.00905696917039202
qwen3-8b,P4D1,L3,qwen3-8b__p4d1__third_blind_v05,0,qwen3-8b__p4d1__l3__r0,5,554.663,227.17,0.026274033181260634
qwen3-8b,P4D1,L3,qwen3-8b__p4d1__third_blind_v05,1,qwen3-8b__p4d1__l3__r1,5,534.892,228.439,0.05123479836153922
qwen3-8b,P4D1,L3,qwen3-8b__p4d1__third_blind_v06,0,qwen3-8b__p4d1__l3__r0,5,512.567,217.474,0.05215837634683885
qwen3-8b,P4D1,L3,qwen3-8b__p4d1__third_blind_v06,1,qwen3-8b__p4d1__l3__r1,5,509.93,205.027,0.05381766356408469
qwen3-8b,P4D1,L3,qwen3-8b__p4d1__third_blind_v07,0,qwen3-8b__p4d1__l3__r0,5,594.4675,253.8265,0.06778835161826409
qwen3-8b,P4D1,L3,qwen3-8b__p4d1__third_blind_v07,1,qwen3-8b__p4d1__l3__r1,5,648.856,252.9305,0.023630789116038123
qwen3-8b,P4D1,L3,qwen3-8b__p4d1__third_blind_v08,0,qwen3-8b__p4d1__l3__r0,5,600.144,253.2255,0.041918673529561176
qwen3-8b,P4D1,L3,qwen3-8b__p4d1__third_blind_v08,1,qwen3-8b__p4d1__l3__r1,5,594.921,264.642,0.04004777483733316
qwen3-8b,P4D1,L3,qwen3-8b__p4d1__third_blind_v09,0,qwen3-8b__p4d1__l3__r0,5,557.3475,251.809,0.06229624363045269
qwen3-8b,P4D1,L3,qwen3-8b__p4d1__third_blind_v09,1,qwen3-8b__p4d1__l3__r1,5,562.386,265.586,0.02690280152247241
qwen3-8b,P2D2_MATCHING,L1,qwen3-8b__p2d2_matching__third_blind_v00,0,qwen3-8b__p2d2_matching__l1__r0,5,157.7345,159.60399999999998,0.03540012087331295
qwen3-8b,P2D2_MATCHING,L1,qwen3-8b__p2d2_matching__third_blind_v00,1,qwen3-8b__p2d2_matching__l1__r1,5,160.0095,160.88,0.09452660502600477
qwen3-8b,P2D2_MATCHING,L1,qwen3-8b__p2d2_matching__third_blind_v01,0,qwen3-8b__p2d2_matching__l1__r0,5,170.3195,170.61950000000002,0.03287817298063461
qwen3-8b,P2D2_MATCHING,L1,qwen3-8b__p2d2_matching__third_blind_v01,1,qwen3-8b__p2d2_matching__l1__r1,5,172.889,171.748,0.09171664746621672
qwen3-8b,P2D2_MATCHING,L1,qwen3-8b__p2d2_matching__third_blind_v02,0,qwen3-8b__p2d2_matching__l1__r0,5,203.7,204.542,0.03899829948727489
qwen3-8b,P2D2_MATCHING,L1,qwen3-8b__p2d2_matching__third_blind_v02,1,qwen3-8b__p2d2_matching__l1__r1,5,204.096,203.5985,0.09184654201069269
qwen3-8b,P2D2_MATCHING,L1,qwen3-8b__p2d2_matching__third_blind_v03,0,qwen3-8b__p2d2_matching__l1__r0,5,230.05,227.728,0.033852101388039506
qwen3-8b,P2D2_MATCHING,L1,qwen3-8b__p2d2_matching__third_blind_v03,1,qwen3-8b__p2d2_matching__l1__r1,5,227.8755,227.1605,0.08086542183699184
qwen3-8b,P2D2_MATCHING,L1,qwen3-8b__p2d2_matching__third_blind_v04,0,qwen3-8b__p2d2_matching__l1__r0,5,251.07150000000001,251.227,0.031666565190983216
qwen3-8b,P2D2_MATCHING,L1,qwen3-8b__p2d2_matching__third_blind_v04,1,qwen3-8b__p2d2_matching__l1__r1,5,251.924,251.14749999999998,0.07160952097839915
qwen3-8b,P2D2_MATCHING,L1,qwen3-8b__p2d2_matching__third_blind_v05,0,qwen3-8b__p2d2_matching__l1__r0,5,169.746,169.76100000000002,0.028363502237146423
qwen3-8b,P2D2_MATCHING,L1,qwen3-8b__p2d2_matching__third_blind_v05,1,qwen3-8b__p2d2_matching__l1__r1,5,170.76049999999998,170.32549999999998,0.06570725525005333
qwen3-8b,P2D2_MATCHING,L1,qwen3-8b__p2d2_matching__third_blind_v06,0,qwen3-8b__p2d2_matching__l1__r0,5,202.0625,202.722,0.0331948294995218
qwen3-8b,P2D2_MATCHING,L1,qwen3-8b__p2d2_matching__third_blind_v06,1,qwen3-8b__p2d2_matching__l1__r1,5,202.901,203.43650000000002,0.04189954757893695
qwen3-8b,P2D2_MATCHING,L1,qwen3-8b__p2d2_matching__third_blind_v07,0,qwen3-8b__p2d2_matching__l1__r0,5,225.937,226.228,0.03063636578864213
qwen3-8b,P2D2_MATCHING,L1,qwen3-8b__p2d2_matching__third_blind_v07,1,qwen3-8b__p2d2_matching__l1__r1,5,227.388,227.004,0.037409579544253765
qwen3-8b,P2D2_MATCHING,L1,qwen3-8b__p2d2_matching__third_blind_v08,0,qwen3-8b__p2d2_matching__l1__r0,5,250.483,250.8955,0.02505452095250255
qwen3-8b,P2D2_MATCHING,L1,qwen3-8b__p2d2_matching__third_blind_v08,1,qwen3-8b__p2d2_matching__l1__r1,5,251.3895,251.1455,0.034667320677487956
qwen3-8b,P2D2_MATCHING,L1,qwen3-8b__p2d2_matching__third_blind_v09,0,qwen3-8b__p2d2_matching__l1__r0,5,250.22750000000002,250.8235,0.025558163707212502
qwen3-8b,P2D2_MATCHING,L1,qwen3-8b__p2d2_matching__third_blind_v09,1,qwen3-8b__p2d2_matching__l1__r1,5,255.26100000000002,252.0855,0.03775931698371913
qwen3-8b,P2D2_MATCHING,L2,qwen3-8b__p2d2_matching__third_blind_v00,0,qwen3-8b__p2d2_matching__l2__r0,5,165.9375,167.3765,0.0038433067834440023
qwen3-8b,P2D2_MATCHING,L2,qwen3-8b__p2d2_matching__third_blind_v00,1,qwen3-8b__p2d2_matching__l2__r1,5,165.2715,165.93349999999998,0.03640409990296086
qwen3-8b,P2D2_MATCHING,L2,qwen3-8b__p2d2_matching__third_blind_v01,0,qwen3-8b__p2d2_matching__l2__r0,5,178.0165,177.23649999999998,0.004311191057544713
qwen3-8b,P2D2_MATCHING,L2,qwen3-8b__p2d2_matching__third_blind_v01,1,qwen3-8b__p2d2_matching__l2__r1,5,178.028,177.3015,0.03279717133445995
qwen3-8b,P2D2_MATCHING,L2,qwen3-8b__p2d2_matching__third_blind_v02,0,qwen3-8b__p2d2_matching__l2__r0,5,218.277,218.3565,0.005100579875642902
qwen3-8b,P2D2_MATCHING,L2,qwen3-8b__p2d2_matching__third_blind_v02,1,qwen3-8b__p2d2_matching__l2__r1,5,216.881,217.459,0.04361722918739397
qwen3-8b,P2D2_MATCHING,L2,qwen3-8b__p2d2_matching__third_blind_v03,0,qwen3-8b__p2d2_matching__l2__r0,5,240.0625,240.90550000000002,0.0072323003338624
qwen3-8b,P2D2_MATCHING,L2,qwen3-8b__p2d2_matching__third_blind_v03,1,qwen3-8b__p2d2_matching__l2__r1,5,240.211,239.027,0.03310361757625538
qwen3-8b,P2D2_MATCHING,L2,qwen3-8b__p2d2_matching__third_blind_v04,0,qwen3-8b__p2d2_matching__l2__r0,5,264.177,263.095,0.004119183674538721
qwen3-8b,P2D2_MATCHING,L2,qwen3-8b__p2d2_matching__third_blind_v04,1,qwen3-8b__p2d2_matching__l2__r1,5,263.552,262.1775,0.05083054314502069
qwen3-8b,P2D2_MATCHING,L2,qwen3-8b__p2d2_matching__third_blind_v05,0,qwen3-8b__p2d2_matching__l2__r0,5,177.1695,177.5865,0.05469279837544989
qwen3-8b,P2D2_MATCHING,L2,qwen3-8b__p2d2_matching__third_blind_v05,1,qwen3-8b__p2d2_matching__l2__r1,5,176.74099999999999,176.512,0.057711805333432044
qwen3-8b,P2D2_MATCHING,L2,qwen3-8b__p2d2_matching__third_blind_v06,0,qwen3-8b__p2d2_matching__l2__r0,5,216.17950000000002,217.3325,0.041978711153467435
qwen3-8b,P2D2_MATCHING,L2,qwen3-8b__p2d2_matching__third_blind_v06,1,qwen3-8b__p2d2_matching__l2__r1,5,214.614,214.79500000000002,0.0582066599684029
qwen3-8b,P2D2_MATCHING,L2,qwen3-8b__p2d2_matching__third_blind_v07,0,qwen3-8b__p2d2_matching__l2__r0,5,239.6795,238.7375,0.040102939383562596
qwen3-8b,P2D2_MATCHING,L2,qwen3-8b__p2d2_matching__third_blind_v07,1,qwen3-8b__p2d2_matching__l2__r1,5,240.675,241.68599999999998,0.05438358236780082
qwen3-8b,P2D2_MATCHING,L2,qwen3-8b__p2d2_matching__third_blind_v08,0,qwen3-8b__p2d2_matching__l2__r0,5,263.6585,264.531,0.03692220286882061
qwen3-8b,P2D2_MATCHING,L2,qwen3-8b__p2d2_matching__third_blind_v08,1,qwen3-8b__p2d2_matching__l2__r1,5,265.4,264.28549999999996,0.04117033477703272
qwen3-8b,P2D2_MATCHING,L2,qwen3-8b__p2d2_matching__third_blind_v09,0,qwen3-8b__p2d2_matching__l2__r0,5,263.323,263.53700000000003,0.03805881846306946
qwen3-8b,P2D2_MATCHING,L2,qwen3-8b__p2d2_matching__third_blind_v09,1,qwen3-8b__p2d2_matching__l2__r1,5,265.76250000000005,265.7585,0.042608021664934166
qwen3-8b,P2D2_MATCHING,L3,qwen3-8b__p2d2_matching__third_blind_v00,0,qwen3-8b__p2d2_matching__l3__r0,5,167.1485,168.163,0.038973138897556145
qwen3-8b,P2D2_MATCHING,L3,qwen3-8b__p2d2_matching__third_blind_v00,1,qwen3-8b__p2d2_matching__l3__r1,5,167.31799999999998,169.1335,0.047879348444814895
qwen3-8b,P2D2_MATCHING,L3,qwen3-8b__p2d2_matching__third_blind_v01,0,qwen3-8b__p2d2_matching__l3__r0,5,178.81150000000002,178.686,0.04691629231744888
qwen3-8b,P2D2_MATCHING,L3,qwen3-8b__p2d2_matching__third_blind_v01,1,qwen3-8b__p2d2_matching__l3__r1,5,180.3555,179.714,0.04504677184220998
qwen3-8b,P2D2_MATCHING,L3,qwen3-8b__p2d2_matching__third_blind_v02,0,qwen3-8b__p2d2_matching__l3__r0,5,219.368,219.1325,0.05237519786620567
qwen3-8b,P2D2_MATCHING,L3,qwen3-8b__p2d2_matching__third_blind_v02,1,qwen3-8b__p2d2_matching__l3__r1,5,219.334,219.7165,0.04073487466168876
qwen3-8b,P2D2_MATCHING,L3,qwen3-8b__p2d2_matching__third_blind_v03,0,qwen3-8b__p2d2_matching__l3__r0,5,242.33800000000002,241.074,0.0441159963430073
qwen3-8b,P2D2_MATCHING,L3,qwen3-8b__p2d2_matching__third_blind_v03,1,qwen3-8b__p2d2_matching__l3__r1,5,242.3595,243.0785,0.03660280869496405
qwen3-8b,P2D2_MATCHING,L3,qwen3-8b__p2d2_matching__third_blind_v04,0,qwen3-8b__p2d2_matching__l3__r0,5,266.56100000000004,264.851,0.052514080982686936
qwen3-8b,P2D2_MATCHING,L3,qwen3-8b__p2d2_matching__third_blind_v04,1,qwen3-8b__p2d2_matching__l3__r1,5,265.41949999999997,265.761,0.03615056098762581
qwen3-8b,P2D2_MATCHING,L3,qwen3-8b__p2d2_matching__third_blind_v05,0,qwen3-8b__p2d2_matching__l3__r0,5,178.5735,178.505,0.008713016435788975
qwen3-8b,P2D2_MATCHING,L3,qwen3-8b__p2d2_matching__third_blind_v05,1,qwen3-8b__p2d2_matching__l3__r1,5,178.607,178.7535,0.028475887226819884
qwen3-8b,P2D2_MATCHING,L3,qwen3-8b__p2d2_matching__third_blind_v06,0,qwen3-8b__p2d2_matching__l3__r0,5,215.2605,216.3135,0.010599520731735517
qwen3-8b,P2D2_MATCHING,L3,qwen3-8b__p2d2_matching__third_blind_v06,1,qwen3-8b__p2d2_matching__l3__r1,5,216.6365,216.5455,0.05692750356212057
qwen3-8b,P2D2_MATCHING,L3,qwen3-8b__p2d2_matching__third_blind_v07,0,qwen3-8b__p2d2_matching__l3__r0,5,240.007,239.587,0.007630814814015548
qwen3-8b,P2D2_MATCHING,L3,qwen3-8b__p2d2_matching__third_blind_v07,1,qwen3-8b__p2d2_matching__l3__r1,5,240.2765,240.4355,0.029369664598934576
qwen3-8b,P2D2_MATCHING,L3,qwen3-8b__p2d2_matching__third_blind_v08,0,qwen3-8b__p2d2_matching__l3__r0,5,265.025,264.56550000000004,0.006386709786571433
qwen3-8b,P2D2_MATCHING,L3,qwen3-8b__p2d2_matching__third_blind_v08,1,qwen3-8b__p2d2_matching__l3__r1,5,265.345,264.916,0.02761435347139758
qwen3-8b,P2D2_MATCHING,L3,qwen3-8b__p2d2_matching__third_blind_v09,0,qwen3-8b__p2d2_matching__l3__r0,5,264.55150000000003,264.78700000000003,0.004743352943691284
qwen3-8b,P2D2_MATCHING,L3,qwen3-8b__p2d2_matching__third_blind_v09,1,qwen3-8b__p2d2_matching__l3__r1,5,264.09349999999995,264.34950000000003,0.025853996883771442
qwen3-8b,P2D2_ALL_TO_ALL,L1,qwen3-8b__p2d2_all_to_all__third_blind_v00,0,qwen3-8b__p2d2_all_to_all__l1__r0,5,288.88199999999995,159.49200000000002,0.010497454024934514
qwen3-8b,P2D2_ALL_TO_ALL,L1,qwen3-8b__p2d2_all_to_all__third_blind_v00,1,qwen3-8b__p2d2_all_to_all__l1__r1,5,292.321,170.94150000000002,0.01710667049930423
qwen3-8b,P2D2_ALL_TO_ALL,L1,qwen3-8b__p2d2_all_to_all__third_blind_v01,0,qwen3-8b__p2d2_all_to_all__l1__r0,5,315.134,170.604,0.01093124843552955
qwen3-8b,P2D2_ALL_TO_ALL,L1,qwen3-8b__p2d2_all_to_all__third_blind_v01,1,qwen3-8b__p2d2_all_to_all__l1__r1,5,312.587,182.548,0.015482813731660348
qwen3-8b,P2D2_ALL_TO_ALL,L1,qwen3-8b__p2d2_all_to_all__third_blind_v02,0,qwen3-8b__p2d2_all_to_all__l1__r0,5,368.525,203.8615,0.009120038105922382
qwen3-8b,P2D2_ALL_TO_ALL,L1,qwen3-8b__p2d2_all_to_all__third_blind_v02,1,qwen3-8b__p2d2_all_to_all__l1__r1,5,362.839,223.418,0.01668844477982146
qwen3-8b,P2D2_ALL_TO_ALL,L1,qwen3-8b__p2d2_all_to_all__third_blind_v03,0,qwen3-8b__p2d2_all_to_all__l1__r0,5,409.539,228.103,0.014349133411965236
qwen3-8b,P2D2_ALL_TO_ALL,L1,qwen3-8b__p2d2_all_to_all__third_blind_v03,1,qwen3-8b__p2d2_all_to_all__l1__r1,5,411.745,254.681,0.014734192093939991
qwen3-8b,P2D2_ALL_TO_ALL,L1,qwen3-8b__p2d2_all_to_all__third_blind_v04,0,qwen3-8b__p2d2_all_to_all__l1__r0,5,463.31,252.087,0.01216298467765662
qwen3-8b,P2D2_ALL_TO_ALL,L1,qwen3-8b__p2d2_all_to_all__third_blind_v04,1,qwen3-8b__p2d2_all_to_all__l1__r1,5,463.423,278.484,0.011129473601556607
qwen3-8b,P2D2_ALL_TO_ALL,L1,qwen3-8b__p2d2_all_to_all__third_blind_v05,0,qwen3-8b__p2d2_all_to_all__l1__r0,5,378.949,225.641,0.004519693378369415
qwen3-8b,P2D2_ALL_TO_ALL,L1,qwen3-8b__p2d2_all_to_all__third_blind_v05,1,qwen3-8b__p2d2_all_to_all__l1__r1,5,379.857,240.906,0.01631770843089577
qwen3-8b,P2D2_ALL_TO_ALL,L1,qwen3-8b__p2d2_all_to_all__third_blind_v06,0,qwen3-8b__p2d2_all_to_all__l1__r0,5,338.709,203.025,0.008524498888495644
qwen3-8b,P2D2_ALL_TO_ALL,L1,qwen3-8b__p2d2_all_to_all__third_blind_v06,1,qwen3-8b__p2d2_all_to_all__l1__r1,5,335.902,217.878,0.02105174695488707
qwen3-8b,P2D2_ALL_TO_ALL,L1,qwen3-8b__p2d2_all_to_all__third_blind_v07,0,qwen3-8b__p2d2_all_to_all__l1__r0,5,424.8135,248.721,0.013523776478806999
qwen3-8b,P2D2_ALL_TO_ALL,L1,qwen3-8b__p2d2_all_to_all__third_blind_v07,1,qwen3-8b__p2d2_all_to_all__l1__r1,5,427.35450000000003,265.1385,0.020293621688708463
qwen3-8b,P2D2_ALL_TO_ALL,L1,qwen3-8b__p2d2_all_to_all__third_blind_v08,0,qwen3-8b__p2d2_all_to_all__l1__r0,5,423.04049999999995,249.691,0.028299697224939618
qwen3-8b,P2D2_ALL_TO_ALL,L1,qwen3-8b__p2d2_all_to_all__third_blind_v08,1,qwen3-8b__p2d2_all_to_all__l1__r1,5,419.0005,264.5615,0.01684869891190724
qwen3-8b,P2D2_ALL_TO_ALL,L1,qwen3-8b__p2d2_all_to_all__third_blind_v09,0,qwen3-8b__p2d2_all_to_all__l1__r0,5,385.608,248.904,0.02109976673020857
qwen3-8b,P2D2_ALL_TO_ALL,L1,qwen3-8b__p2d2_all_to_all__third_blind_v09,1,qwen3-8b__p2d2_all_to_all__l1__r1,5,391.493,263.56899999999996,0.028160811716252947
qwen3-8b,P2D2_ALL_TO_ALL,L2,qwen3-8b__p2d2_all_to_all__third_blind_v00,0,qwen3-8b__p2d2_all_to_all__l2__r0,5,295.4105,169.8745,0.055416970737486235
qwen3-8b,P2D2_ALL_TO_ALL,L2,qwen3-8b__p2d2_all_to_all__third_blind_v00,1,qwen3-8b__p2d2_all_to_all__l2__r1,5,279.8565,170.982,0.03930793993555412
qwen3-8b,P2D2_ALL_TO_ALL,L2,qwen3-8b__p2d2_all_to_all__third_blind_v01,0,qwen3-8b__p2d2_all_to_all__l2__r0,5,299.759,179.77,0.05131547358587712
qwen3-8b,P2D2_ALL_TO_ALL,L2,qwen3-8b__p2d2_all_to_all__third_blind_v01,1,qwen3-8b__p2d2_all_to_all__l2__r1,5,308.904,181.467,0.02379469594907842
qwen3-8b,P2D2_ALL_TO_ALL,L2,qwen3-8b__p2d2_all_to_all__third_blind_v02,0,qwen3-8b__p2d2_all_to_all__l2__r0,5,350.131,219.879,0.012001069630251538
qwen3-8b,P2D2_ALL_TO_ALL,L2,qwen3-8b__p2d2_all_to_all__third_blind_v02,1,qwen3-8b__p2d2_all_to_all__l2__r1,5,361.92150000000004,221.6685,0.02753626689748217
qwen3-8b,P2D2_ALL_TO_ALL,L2,qwen3-8b__p2d2_all_to_all__third_blind_v03,0,qwen3-8b__p2d2_all_to_all__l2__r0,5,401.027,242.433,0.023503503441151374
qwen3-8b,P2D2_ALL_TO_ALL,L2,qwen3-8b__p2d2_all_to_all__third_blind_v03,1,qwen3-8b__p2d2_all_to_all__l2__r1,5,401.969,243.188,0.017456982532846707
qwen3-8b,P2D2_ALL_TO_ALL,L2,qwen3-8b__p2d2_all_to_all__third_blind_v04,0,qwen3-8b__p2d2_all_to_all__l2__r0,5,453.793,264.731,0.025925423358403366
qwen3-8b,P2D2_ALL_TO_ALL,L2,qwen3-8b__p2d2_all_to_all__third_blind_v04,1,qwen3-8b__p2d2_all_to_all__l2__r1,5,457.103,269.817,0.01825711847482923
qwen3-8b,P2D2_ALL_TO_ALL,L2,qwen3-8b__p2d2_all_to_all__third_blind_v05,0,qwen3-8b__p2d2_all_to_all__l2__r0,5,384.268,236.466,0.035322282614649314
qwen3-8b,P2D2_ALL_TO_ALL,L2,qwen3-8b__p2d2_all_to_all__third_blind_v05,1,qwen3-8b__p2d2_all_to_all__l2__r1,5,382.364,238.968,0.03339352030064571
qwen3-8b,P2D2_ALL_TO_ALL,L2,qwen3-8b__p2d2_all_to_all__third_blind_v06,0,qwen3-8b__p2d2_all_to_all__l2__r0,5,343.465,216.658,0.04412535536640675
qwen3-8b,P2D2_ALL_TO_ALL,L2,qwen3-8b__p2d2_all_to_all__third_blind_v06,1,qwen3-8b__p2d2_all_to_all__l2__r1,5,359.86,216.543,0.037283599981032194
qwen3-8b,P2D2_ALL_TO_ALL,L2,qwen3-8b__p2d2_all_to_all__third_blind_v07,0,qwen3-8b__p2d2_all_to_all__l2__r0,5,433.844,261.02549999999997,0.015268637658425977
qwen3-8b,P2D2_ALL_TO_ALL,L2,qwen3-8b__p2d2_all_to_all__third_blind_v07,1,qwen3-8b__p2d2_all_to_all__l2__r1,5,433.26599999999996,263.384,0.021476393644988146
qwen3-8b,P2D2_ALL_TO_ALL,L2,qwen3-8b__p2d2_all_to_all__third_blind_v08,0,qwen3-8b__p2d2_all_to_all__l2__r0,5,417.7935,261.183,0.010168293464617183
qwen3-8b,P2D2_ALL_TO_ALL,L2,qwen3-8b__p2d2_all_to_all__third_blind_v08,1,qwen3-8b__p2d2_all_to_all__l2__r1,5,417.7305,261.9705,0.018387478314014237
qwen3-8b,P2D2_ALL_TO_ALL,L2,qwen3-8b__p2d2_all_to_all__third_blind_v09,0,qwen3-8b__p2d2_all_to_all__l2__r0,5,394.80899999999997,261.1145,0.021516386571369398
qwen3-8b,P2D2_ALL_TO_ALL,L2,qwen3-8b__p2d2_all_to_all__third_blind_v09,1,qwen3-8b__p2d2_all_to_all__l2__r1,5,399.095,262.185,0.050905313178794175
qwen3-8b,P2D2_ALL_TO_ALL,L3,qwen3-8b__p2d2_all_to_all__third_blind_v00,0,qwen3-8b__p2d2_all_to_all__l3__r0,5,277.65099999999995,169.96300000000002,0.04018621354209802
qwen3-8b,P2D2_ALL_TO_ALL,L3,qwen3-8b__p2d2_all_to_all__third_blind_v00,1,qwen3-8b__p2d2_all_to_all__l3__r1,5,275.9925,169.7125,0.02189088736794774
qwen3-8b,P2D2_ALL_TO_ALL,L3,qwen3-8b__p2d2_all_to_all__third_blind_v01,0,qwen3-8b__p2d2_all_to_all__l3__r0,5,300.716,180.987,0.01516147947295823
qwen3-8b,P2D2_ALL_TO_ALL,L3,qwen3-8b__p2d2_all_to_all__third_blind_v01,1,qwen3-8b__p2d2_all_to_all__l3__r1,5,300.845,180.822,0.015593524768821955
qwen3-8b,P2D2_ALL_TO_ALL,L3,qwen3-8b__p2d2_all_to_all__third_blind_v02,0,qwen3-8b__p2d2_all_to_all__l3__r0,5,358.509,220.219,0.031244912264004557
qwen3-8b,P2D2_ALL_TO_ALL,L3,qwen3-8b__p2d2_all_to_all__third_blind_v02,1,qwen3-8b__p2d2_all_to_all__l3__r1,5,354.239,221.6025,0.014109458540135003
qwen3-8b,P2D2_ALL_TO_ALL,L3,qwen3-8b__p2d2_all_to_all__third_blind_v03,0,qwen3-8b__p2d2_all_to_all__l3__r0,5,398.034,244.366,0.018027654674050285
qwen3-8b,P2D2_ALL_TO_ALL,L3,qwen3-8b__p2d2_all_to_all__third_blind_v03,1,qwen3-8b__p2d2_all_to_all__l3__r1,5,398.472,244.137,0.009895151865570493
qwen3-8b,P2D2_ALL_TO_ALL,L3,qwen3-8b__p2d2_all_to_all__third_blind_v04,0,qwen3-8b__p2d2_all_to_all__l3__r0,5,448.733,268.236,0.019787807613860394
qwen3-8b,P2D2_ALL_TO_ALL,L3,qwen3-8b__p2d2_all_to_all__third_blind_v04,1,qwen3-8b__p2d2_all_to_all__l3__r1,5,449.95,267.606,0.012265796710255756
qwen3-8b,P2D2_ALL_TO_ALL,L3,qwen3-8b__p2d2_all_to_all__third_blind_v05,0,qwen3-8b__p2d2_all_to_all__l3__r0,5,380.228,242.285,0.032133896039418776
qwen3-8b,P2D2_ALL_TO_ALL,L3,qwen3-8b__p2d2_all_to_all__third_blind_v05,1,qwen3-8b__p2d2_all_to_all__l3__r1,5,380.806,239.674,0.015729998279988184
qwen3-8b,P2D2_ALL_TO_ALL,L3,qwen3-8b__p2d2_all_to_all__third_blind_v06,0,qwen3-8b__p2d2_all_to_all__l3__r0,5,336.017,218.012,0.04637966057649645
qwen3-8b,P2D2_ALL_TO_ALL,L3,qwen3-8b__p2d2_all_to_all__third_blind_v06,1,qwen3-8b__p2d2_all_to_all__l3__r1,5,338.078,219.417,0.01699192494836103
qwen3-8b,P2D2_ALL_TO_ALL,L3,qwen3-8b__p2d2_all_to_all__third_blind_v07,0,qwen3-8b__p2d2_all_to_all__l3__r0,5,429.55449999999996,265.20849999999996,0.032367789453294736
qwen3-8b,P2D2_ALL_TO_ALL,L3,qwen3-8b__p2d2_all_to_all__third_blind_v07,1,qwen3-8b__p2d2_all_to_all__l3__r1,5,428.136,263.4185,0.018158127477803418
qwen3-8b,P2D2_ALL_TO_ALL,L3,qwen3-8b__p2d2_all_to_all__third_blind_v08,0,qwen3-8b__p2d2_all_to_all__l3__r0,5,410.537,264.8355,0.024807121080704746
qwen3-8b,P2D2_ALL_TO_ALL,L3,qwen3-8b__p2d2_all_to_all__third_blind_v08,1,qwen3-8b__p2d2_all_to_all__l3__r1,5,412.2985,263.2105,0.014969718771168776
qwen3-8b,P2D2_ALL_TO_ALL,L3,qwen3-8b__p2d2_all_to_all__third_blind_v09,0,qwen3-8b__p2d2_all_to_all__l3__r0,5,382.733,264.1345,0.02296250433885078
qwen3-8b,P2D2_ALL_TO_ALL,L3,qwen3-8b__p2d2_all_to_all__third_blind_v09,1,qwen3-8b__p2d2_all_to_all__l3__r1,5,386.853,262.845,0.027652198024792397
deepseek-v2-lite,P1D4,L1,deepseek-v2-lite__p1d4__third_blind_v00,0,deepseek-v2-lite__p1d4__l1__r0,5,5732.943,1619.074,0.0029356519041203524
deepseek-v2-lite,P1D4,L1,deepseek-v2-lite__p1d4__third_blind_v00,1,deepseek-v2-lite__p1d4__l1__r1,5,5742.302,1610.426,0.0022006247868665138
deepseek-v2-lite,P1D4,L1,deepseek-v2-lite__p1d4__third_blind_v01,0,deepseek-v2-lite__p1d4__l1__r0,5,6388.971,1792.383,0.004416906328380083
deepseek-v2-lite,P1D4,L1,deepseek-v2-lite__p1d4__third_blind_v01,1,deepseek-v2-lite__p1d4__l1__r1,5,6421.909,1810.641,0.00222389152831202
deepseek-v2-lite,P1D4,L1,deepseek-v2-lite__p1d4__third_blind_v02,0,deepseek-v2-lite__p1d4__l1__r0,5,7401.923,2051.99,0.004194435553188952
deepseek-v2-lite,P1D4,L1,deepseek-v2-lite__p1d4__third_blind_v02,1,deepseek-v2-lite__p1d4__l1__r1,5,7411.286,2110.333,0.002442714626282373
deepseek-v2-lite,P1D4,L1,deepseek-v2-lite__p1d4__third_blind_v03,0,deepseek-v2-lite__p1d4__l1__r0,5,8759.895,2410.727,0.0151576091178847
deepseek-v2-lite,P1D4,L1,deepseek-v2-lite__p1d4__third_blind_v03,1,deepseek-v2-lite__p1d4__l1__r1,5,8751.231,2488.096,0.003539464734132204
deepseek-v2-lite,P1D4,L1,deepseek-v2-lite__p1d4__third_blind_v04,0,deepseek-v2-lite__p1d4__l1__r0,5,10091.279,2776.824,0.004686987584638563
deepseek-v2-lite,P1D4,L1,deepseek-v2-lite__p1d4__third_blind_v04,1,deepseek-v2-lite__p1d4__l1__r1,5,10097.5,2883.513,0.0036665278835589536
deepseek-v2-lite,P1D4,L1,deepseek-v2-lite__p1d4__third_blind_v05,0,deepseek-v2-lite__p1d4__l1__r0,5,7086.294,2404.755,0.0035090817032464605
deepseek-v2-lite,P1D4,L1,deepseek-v2-lite__p1d4__third_blind_v05,1,deepseek-v2-lite__p1d4__l1__r1,5,7094.492,2432.642,0.0019299657725637101
deepseek-v2-lite,P1D4,L1,deepseek-v2-lite__p1d4__third_blind_v06,0,deepseek-v2-lite__p1d4__l1__r0,5,6573.519,2033.762,0.003500449855942279
deepseek-v2-lite,P1D4,L1,deepseek-v2-lite__p1d4__third_blind_v06,1,deepseek-v2-lite__p1d4__l1__r1,5,6585.78,2071.884,0.0007282115170621294
deepseek-v2-lite,P1D4,L1,deepseek-v2-lite__p1d4__third_blind_v07,0,deepseek-v2-lite__p1d4__l1__r0,5,8163.31,2750.915,0.0029213998998435394
deepseek-v2-lite,P1D4,L1,deepseek-v2-lite__p1d4__third_blind_v07,1,deepseek-v2-lite__p1d4__l1__r1,5,8173.206,2824.566,0.0014963156530997152
deepseek-v2-lite,P1D4,L1,deepseek-v2-lite__p1d4__third_blind_v08,0,deepseek-v2-lite__p1d4__l1__r0,5,7649.438,2750.759,0.002818929875957263
deepseek-v2-lite,P1D4,L1,deepseek-v2-lite__p1d4__third_blind_v08,1,deepseek-v2-lite__p1d4__l1__r1,5,7659.49,2800.16,0.0006125233597393416
deepseek-v2-lite,P1D4,L1,deepseek-v2-lite__p1d4__third_blind_v09,0,deepseek-v2-lite__p1d4__l1__r0,5,7354.391,2754.918,0.003081493952359942
deepseek-v2-lite,P1D4,L1,deepseek-v2-lite__p1d4__third_blind_v09,1,deepseek-v2-lite__p1d4__l1__r1,5,7348.907,2836.906,0.0005753365702103496
deepseek-v2-lite,P1D4,L2,deepseek-v2-lite__p1d4__third_blind_v00,0,deepseek-v2-lite__p1d4__l2__r0,5,5732.139,1634.521,0.0010938118434343838
deepseek-v2-lite,P1D4,L2,deepseek-v2-lite__p1d4__third_blind_v00,1,deepseek-v2-lite__p1d4__l2__r1,5,5733.97,1641.901,0.0011500222745148827
deepseek-v2-lite,P1D4,L2,deepseek-v2-lite__p1d4__third_blind_v01,0,deepseek-v2-lite__p1d4__l2__r0,5,6401.178,1812.811,0.0013096882377352658
deepseek-v2-lite,P1D4,L2,deepseek-v2-lite__p1d4__third_blind_v01,1,deepseek-v2-lite__p1d4__l2__r1,5,6402.319,1821.254,0.0020517927469972564
deepseek-v2-lite,P1D4,L2,deepseek-v2-lite__p1d4__third_blind_v02,0,deepseek-v2-lite__p1d4__l2__r0,5,7391.531,2114.715,0.007973010722466421
deepseek-v2-lite,P1D4,L2,deepseek-v2-lite__p1d4__third_blind_v02,1,deepseek-v2-lite__p1d4__l2__r1,5,7419.393,2119.143,0.00510371375766971
deepseek-v2-lite,P1D4,L2,deepseek-v2-lite__p1d4__third_blind_v03,0,deepseek-v2-lite__p1d4__l2__r0,5,8742.929,2502.984,0.002374732870626623
deepseek-v2-lite,P1D4,L2,deepseek-v2-lite__p1d4__third_blind_v03,1,deepseek-v2-lite__p1d4__l2__r1,5,8756.588,2489.868,0.0031134433090501093
deepseek-v2-lite,P1D4,L2,deepseek-v2-lite__p1d4__third_blind_v04,0,deepseek-v2-lite__p1d4__l2__r0,5,10084.07,2892.995,0.0017003407185890017
deepseek-v2-lite,P1D4,L2,deepseek-v2-lite__p1d4__third_blind_v04,1,deepseek-v2-lite__p1d4__l2__r1,5,10072.851,2874.212,0.0027541428285903645
deepseek-v2-lite,P1D4,L2,deepseek-v2-lite__p1d4__third_blind_v05,0,deepseek-v2-lite__p1d4__l2__r0,5,7095.815,2443.211,0.0023336032790284753
deepseek-v2-lite,P1D4,L2,deepseek-v2-lite__p1d4__third_blind_v05,1,deepseek-v2-lite__p1d4__l2__r1,5,7088.198,2457.626,0.0017018718677782696
deepseek-v2-lite,P1D4,L2,deepseek-v2-lite__p1d4__third_blind_v06,0,deepseek-v2-lite__p1d4__l2__r0,5,6584.019,2127.487,0.001248177404756234
deepseek-v2-lite,P1D4,L2,deepseek-v2-lite__p1d4__third_blind_v06,1,deepseek-v2-lite__p1d4__l2__r1,5,6582.236,2112.263,0.0009184034900107071
deepseek-v2-lite,P1D4,L2,deepseek-v2-lite__p1d4__third_blind_v07,0,deepseek-v2-lite__p1d4__l2__r0,5,8215.465,2830.589,0.002224130548274642
deepseek-v2-lite,P1D4,L2,deepseek-v2-lite__p1d4__third_blind_v07,1,deepseek-v2-lite__p1d4__l2__r1,5,8199.904,2824.163,0.0016676464912114316
deepseek-v2-lite,P1D4,L2,deepseek-v2-lite__p1d4__third_blind_v08,0,deepseek-v2-lite__p1d4__l2__r0,5,7660.733,2822.559,0.0012517545937079818
deepseek-v2-lite,P1D4,L2,deepseek-v2-lite__p1d4__third_blind_v08,1,deepseek-v2-lite__p1d4__l2__r1,5,7677.718,2830.983,0.002151314295672393
deepseek-v2-lite,P1D4,L2,deepseek-v2-lite__p1d4__third_blind_v09,0,deepseek-v2-lite__p1d4__l2__r0,5,7355.118,2807.106,0.0015341837643613153
deepseek-v2-lite,P1D4,L2,deepseek-v2-lite__p1d4__third_blind_v09,1,deepseek-v2-lite__p1d4__l2__r1,5,7351.384,2828.839,0.0020153834497677586
deepseek-v2-lite,P1D4,L3,deepseek-v2-lite__p1d4__third_blind_v00,0,deepseek-v2-lite__p1d4__l3__r0,5,5733.947,1643.963,0.0006146449592796707
deepseek-v2-lite,P1D4,L3,deepseek-v2-lite__p1d4__third_blind_v00,1,deepseek-v2-lite__p1d4__l3__r1,5,5732.278,1643.351,0.0016438874449119228
deepseek-v2-lite,P1D4,L3,deepseek-v2-lite__p1d4__third_blind_v01,0,deepseek-v2-lite__p1d4__l3__r0,5,6413.067,1820.977,0.0014357033059987441
deepseek-v2-lite,P1D4,L3,deepseek-v2-lite__p1d4__third_blind_v01,1,deepseek-v2-lite__p1d4__l3__r1,5,6403.623,1830.23,0.0022311671048179343
deepseek-v2-lite,P1D4,L3,deepseek-v2-lite__p1d4__third_blind_v02,0,deepseek-v2-lite__p1d4__l3__r0,5,7403.505,2115.84,0.0027866420613536775
deepseek-v2-lite,P1D4,L3,deepseek-v2-lite__p1d4__third_blind_v02,1,deepseek-v2-lite__p1d4__l3__r1,5,7417.425,2123.188,0.004790232978873074
deepseek-v2-lite,P1D4,L3,deepseek-v2-lite__p1d4__third_blind_v03,0,deepseek-v2-lite__p1d4__l3__r0,5,8738.008,2499.307,0.002967232559148948
deepseek-v2-lite,P1D4,L3,deepseek-v2-lite__p1d4__third_blind_v03,1,deepseek-v2-lite__p1d4__l3__r1,5,8749.161,2499.314,0.0011361754878334359
deepseek-v2-lite,P1D4,L3,deepseek-v2-lite__p1d4__third_blind_v04,0,deepseek-v2-lite__p1d4__l3__r0,5,10112.441,2888.212,0.002644164510796854
deepseek-v2-lite,P1D4,L3,deepseek-v2-lite__p1d4__third_blind_v04,1,deepseek-v2-lite__p1d4__l3__r1,5,10069.124,2881.99,0.0037016992203722596
deepseek-v2-lite,P1D4,L3,deepseek-v2-lite__p1d4__third_blind_v05,0,deepseek-v2-lite__p1d4__l3__r0,5,7078.157,2453.783,0.0019302374308038217
deepseek-v2-lite,P1D4,L3,deepseek-v2-lite__p1d4__third_blind_v05,1,deepseek-v2-lite__p1d4__l3__r1,5,7092.326,2448.666,0.0024523332629738507
deepseek-v2-lite,P1D4,L3,deepseek-v2-lite__p1d4__third_blind_v06,0,deepseek-v2-lite__p1d4__l3__r0,5,6587.834,2116.831,0.0015999339518521305
deepseek-v2-lite,P1D4,L3,deepseek-v2-lite__p1d4__third_blind_v06,1,deepseek-v2-lite__p1d4__l3__r1,5,6577.822,2110.888,0.0006886780386592711
deepseek-v2-lite,P1D4,L3,deepseek-v2-lite__p1d4__third_blind_v07,0,deepseek-v2-lite__p1d4__l3__r0,5,8202.204,2819.008,0.0008996097138086671
deepseek-v2-lite,P1D4,L3,deepseek-v2-lite__p1d4__third_blind_v07,1,deepseek-v2-lite__p1d4__l3__r1,5,8199.987,2829.548,0.004390551121787271
deepseek-v2-lite,P1D4,L3,deepseek-v2-lite__p1d4__third_blind_v08,0,deepseek-v2-lite__p1d4__l3__r0,5,7661.816,2837.573,0.0022417155689684917
deepseek-v2-lite,P1D4,L3,deepseek-v2-lite__p1d4__third_blind_v08,1,deepseek-v2-lite__p1d4__l3__r1,5,7655.224,2844.714,0.0022839683894355567
deepseek-v2-lite,P1D4,L3,deepseek-v2-lite__p1d4__third_blind_v09,0,deepseek-v2-lite__p1d4__l3__r0,5,7356.93,2834.211,0.001689135642385287
deepseek-v2-lite,P1D4,L3,deepseek-v2-lite__p1d4__third_blind_v09,1,deepseek-v2-lite__p1d4__l3__r1,5,7347.0,2835.142,0.0007248715551501074
deepseek-v2-lite,P4D1,L1,deepseek-v2-lite__p4d1__third_blind_v00,0,deepseek-v2-lite__p4d1__l1__r0,5,5753.578,1626.291,0.005468668987248505
deepseek-v2-lite,P4D1,L1,deepseek-v2-lite__p4d1__third_blind_v00,1,deepseek-v2-lite__p4d1__l1__r1,5,5714.476,1628.384,0.0030376873563215515
deepseek-v2-lite,P4D1,L1,deepseek-v2-lite__p4d1__third_blind_v01,0,deepseek-v2-lite__p4d1__l1__r0,5,6417.214,1819.947,0.0038073974633666807
deepseek-v2-lite,P4D1,L1,deepseek-v2-lite__p4d1__third_blind_v01,1,deepseek-v2-lite__p4d1__l1__r1,5,6380.589,1832.262,0.004181702759845111
deepseek-v2-lite,P4D1,L1,deepseek-v2-lite__p4d1__third_blind_v02,0,deepseek-v2-lite__p4d1__l1__r0,5,7419.775,2116.961,0.0036568253429936346
deepseek-v2-lite,P4D1,L1,deepseek-v2-lite__p4d1__third_blind_v02,1,deepseek-v2-lite__p4d1__l1__r1,5,7381.334,2112.903,0.004773569369549125
deepseek-v2-lite,P4D1,L1,deepseek-v2-lite__p4d1__third_blind_v03,0,deepseek-v2-lite__p4d1__l1__r0,5,8754.218,2504.874,0.004016435280624598
deepseek-v2-lite,P4D1,L1,deepseek-v2-lite__p4d1__third_blind_v03,1,deepseek-v2-lite__p4d1__l1__r1,5,8729.551,2479.488,0.003623460591685911
deepseek-v2-lite,P4D1,L1,deepseek-v2-lite__p4d1__third_blind_v04,0,deepseek-v2-lite__p4d1__l1__r0,5,10099.899,2860.507,0.0030191899051033263
deepseek-v2-lite,P4D1,L1,deepseek-v2-lite__p4d1__third_blind_v04,1,deepseek-v2-lite__p4d1__l1__r1,5,10068.037,2871.204,0.003202093514199514
deepseek-v2-lite,P4D1,L1,deepseek-v2-lite__p4d1__third_blind_v05,0,deepseek-v2-lite__p4d1__l1__r0,5,7065.298,2489.152,0.004425618390694647
deepseek-v2-lite,P4D1,L1,deepseek-v2-lite__p4d1__third_blind_v05,1,deepseek-v2-lite__p4d1__l1__r1,5,7054.634,2399.102,0.0048022091091949855
deepseek-v2-lite,P4D1,L1,deepseek-v2-lite__p4d1__third_blind_v06,0,deepseek-v2-lite__p4d1__l1__r0,5,6548.331,2123.967,0.003739657328434199
deepseek-v2-lite,P4D1,L1,deepseek-v2-lite__p4d1__third_blind_v06,1,deepseek-v2-lite__p4d1__l1__r1,5,6560.09,2105.586,0.0029496942536443257
deepseek-v2-lite,P4D1,L1,deepseek-v2-lite__p4d1__third_blind_v07,0,deepseek-v2-lite__p4d1__l1__r0,5,8141.836,2805.196,0.004444485538844996
deepseek-v2-lite,P4D1,L1,deepseek-v2-lite__p4d1__third_blind_v07,1,deepseek-v2-lite__p4d1__l1__r1,5,8130.194,2774.877,0.002704119349431082
deepseek-v2-lite,P4D1,L1,deepseek-v2-lite__p4d1__third_blind_v08,0,deepseek-v2-lite__p4d1__l1__r0,5,7627.152,2846.981,0.004190919996773454
deepseek-v2-lite,P4D1,L1,deepseek-v2-lite__p4d1__third_blind_v08,1,deepseek-v2-lite__p4d1__l1__r1,5,7621.725,2767.779,0.0035805154470902874
deepseek-v2-lite,P4D1,L1,deepseek-v2-lite__p4d1__third_blind_v09,0,deepseek-v2-lite__p4d1__l1__r0,5,7327.239,2886.806,0.004984129963007959
deepseek-v2-lite,P4D1,L1,deepseek-v2-lite__p4d1__third_blind_v09,1,deepseek-v2-lite__p4d1__l1__r1,5,7307.327,2777.615,0.0034119861343937983
deepseek-v2-lite,P4D1,L2,deepseek-v2-lite__p4d1__third_blind_v00,0,deepseek-v2-lite__p4d1__l2__r0,5,5716.916,1621.619,0.0025453658388491806
deepseek-v2-lite,P4D1,L2,deepseek-v2-lite__p4d1__third_blind_v00,1,deepseek-v2-lite__p4d1__l2__r1,5,5709.937,1628.613,0.003553892659965629
deepseek-v2-lite,P4D1,L2,deepseek-v2-lite__p4d1__third_blind_v01,0,deepseek-v2-lite__p4d1__l2__r0,5,6377.128,1821.755,0.0026490464247193807
deepseek-v2-lite,P4D1,L2,deepseek-v2-lite__p4d1__third_blind_v01,1,deepseek-v2-lite__p4d1__l2__r1,5,6383.757,1820.204,0.004441143418043197
deepseek-v2-lite,P4D1,L2,deepseek-v2-lite__p4d1__third_blind_v02,0,deepseek-v2-lite__p4d1__l2__r0,5,7366.525,2101.822,0.00535103574665588
deepseek-v2-lite,P4D1,L2,deepseek-v2-lite__p4d1__third_blind_v02,1,deepseek-v2-lite__p4d1__l2__r1,5,7384.526,2096.446,0.003918905979914621
deepseek-v2-lite,P4D1,L2,deepseek-v2-lite__p4d1__third_blind_v03,0,deepseek-v2-lite__p4d1__l2__r0,5,8707.283,2498.864,0.0048568929695507424
deepseek-v2-lite,P4D1,L2,deepseek-v2-lite__p4d1__third_blind_v03,1,deepseek-v2-lite__p4d1__l2__r1,5,8719.292,2491.265,0.006400893124963616
deepseek-v2-lite,P4D1,L2,deepseek-v2-lite__p4d1__third_blind_v04,0,deepseek-v2-lite__p4d1__l2__r0,5,10053.57,2872.713,0.0015891290322552548
deepseek-v2-lite,P4D1,L2,deepseek-v2-lite__p4d1__third_blind_v04,1,deepseek-v2-lite__p4d1__l2__r1,5,10059.463,2863.291,0.0028986745980997108
deepseek-v2-lite,P4D1,L2,deepseek-v2-lite__p4d1__third_blind_v05,0,deepseek-v2-lite__p4d1__l2__r0,5,7045.686,2433.599,0.004728892661092828
deepseek-v2-lite,P4D1,L2,deepseek-v2-lite__p4d1__third_blind_v05,1,deepseek-v2-lite__p4d1__l2__r1,5,7049.997,2455.564,0.007277003009370752
deepseek-v2-lite,P4D1,L2,deepseek-v2-lite__p4d1__third_blind_v06,0,deepseek-v2-lite__p4d1__l2__r0,5,6526.244,2063.151,0.00453597140197724
deepseek-v2-lite,P4D1,L2,deepseek-v2-lite__p4d1__third_blind_v06,1,deepseek-v2-lite__p4d1__l2__r1,5,6542.746,2086.03,0.004630695353326331
deepseek-v2-lite,P4D1,L2,deepseek-v2-lite__p4d1__third_blind_v07,0,deepseek-v2-lite__p4d1__l2__r0,5,8054.785,2800.114,0.005314700972067237
deepseek-v2-lite,P4D1,L2,deepseek-v2-lite__p4d1__third_blind_v07,1,deepseek-v2-lite__p4d1__l2__r1,5,8042.093,2842.042,0.009386888016938006
deepseek-v2-lite,P4D1,L2,deepseek-v2-lite__p4d1__third_blind_v08,0,deepseek-v2-lite__p4d1__l2__r0,5,7566.623,2777.287,0.0076053422197811665
deepseek-v2-lite,P4D1,L2,deepseek-v2-lite__p4d1__third_blind_v08,1,deepseek-v2-lite__p4d1__l2__r1,5,7555.116,2810.101,0.0056623298807673295
deepseek-v2-lite,P4D1,L2,deepseek-v2-lite__p4d1__third_blind_v09,0,deepseek-v2-lite__p4d1__l2__r0,5,7225.124,2773.733,0.003991330066682534
deepseek-v2-lite,P4D1,L2,deepseek-v2-lite__p4d1__third_blind_v09,1,deepseek-v2-lite__p4d1__l2__r1,5,7292.635,2817.859,0.006773682530855542
deepseek-v2-lite,P4D1,L3,deepseek-v2-lite__p4d1__third_blind_v00,0,deepseek-v2-lite__p4d1__l3__r0,5,5709.648,1617.242,0.0024446863107990277
deepseek-v2-lite,P4D1,L3,deepseek-v2-lite__p4d1__third_blind_v00,1,deepseek-v2-lite__p4d1__l3__r1,5,5724.26,1612.499,0.0041870507802534325
deepseek-v2-lite,P4D1,L3,deepseek-v2-lite__p4d1__third_blind_v01,0,deepseek-v2-lite__p4d1__l3__r0,5,6378.548,1817.844,0.00529271789985136
deepseek-v2-lite,P4D1,L3,deepseek-v2-lite__p4d1__third_blind_v01,1,deepseek-v2-lite__p4d1__l3__r1,5,6375.393,1816.407,0.0064989977456418
deepseek-v2-lite,P4D1,L3,deepseek-v2-lite__p4d1__third_blind_v02,0,deepseek-v2-lite__p4d1__l3__r0,5,7375.874,2098.813,0.0020237706118470295
deepseek-v2-lite,P4D1,L3,deepseek-v2-lite__p4d1__third_blind_v02,1,deepseek-v2-lite__p4d1__l3__r1,5,7393.268,2084.704,0.005462027079137739
deepseek-v2-lite,P4D1,L3,deepseek-v2-lite__p4d1__third_blind_v03,0,deepseek-v2-lite__p4d1__l3__r0,5,8700.661,2490.677,0.007395042759901168
deepseek-v2-lite,P4D1,L3,deepseek-v2-lite__p4d1__third_blind_v03,1,deepseek-v2-lite__p4d1__l3__r1,5,8698.873,2478.623,0.005559183354276577
deepseek-v2-lite,P4D1,L3,deepseek-v2-lite__p4d1__third_blind_v04,0,deepseek-v2-lite__p4d1__l3__r0,5,10041.081,2868.838,0.003503051515726737
deepseek-v2-lite,P4D1,L3,deepseek-v2-lite__p4d1__third_blind_v04,1,deepseek-v2-lite__p4d1__l3__r1,5,10084.137,2881.778,0.011436371040813784
deepseek-v2-lite,P4D1,L3,deepseek-v2-lite__p4d1__third_blind_v05,0,deepseek-v2-lite__p4d1__l3__r0,5,7020.164,2450.76,0.002879886047773492
deepseek-v2-lite,P4D1,L3,deepseek-v2-lite__p4d1__third_blind_v05,1,deepseek-v2-lite__p4d1__l3__r1,5,6965.289,2444.953,0.008970837503251497
deepseek-v2-lite,P4D1,L3,deepseek-v2-lite__p4d1__third_blind_v06,0,deepseek-v2-lite__p4d1__l3__r0,5,6504.543,2084.402,0.004972485176424788
deepseek-v2-lite,P4D1,L3,deepseek-v2-lite__p4d1__third_blind_v06,1,deepseek-v2-lite__p4d1__l3__r1,5,6529.998,2073.903,0.005514710835411324
deepseek-v2-lite,P4D1,L3,deepseek-v2-lite__p4d1__third_blind_v07,0,deepseek-v2-lite__p4d1__l3__r0,5,8098.004,2878.42,0.00695871661327959
deepseek-v2-lite,P4D1,L3,deepseek-v2-lite__p4d1__third_blind_v07,1,deepseek-v2-lite__p4d1__l3__r1,5,7992.84,2799.902,0.010595884652886333
deepseek-v2-lite,P4D1,L3,deepseek-v2-lite__p4d1__third_blind_v08,0,deepseek-v2-lite__p4d1__l3__r0,5,7612.759,2898.242,0.0018514003317998198
deepseek-v2-lite,P4D1,L3,deepseek-v2-lite__p4d1__third_blind_v08,1,deepseek-v2-lite__p4d1__l3__r1,5,7645.074,2889.968,0.006730298427084904
deepseek-v2-lite,P4D1,L3,deepseek-v2-lite__p4d1__third_blind_v09,0,deepseek-v2-lite__p4d1__l3__r0,5,7260.215,2894.077,0.004314903460319831
deepseek-v2-lite,P4D1,L3,deepseek-v2-lite__p4d1__third_blind_v09,1,deepseek-v2-lite__p4d1__l3__r1,5,7270.46,2879.41,0.005412141746853443
deepseek-v2-lite,P2D2_MATCHING,L1,deepseek-v2-lite__p2d2_matching__third_blind_v00,0,deepseek-v2-lite__p2d2_matching__l1__r0,5,1639.868,1637.344,0.016752503870491785
deepseek-v2-lite,P2D2_MATCHING,L1,deepseek-v2-lite__p2d2_matching__third_blind_v00,1,deepseek-v2-lite__p2d2_matching__l1__r1,5,1626.165,1630.652,0.016822719571710002
deepseek-v2-lite,P2D2_MATCHING,L1,deepseek-v2-lite__p2d2_matching__third_blind_v01,0,deepseek-v2-lite__p2d2_matching__l1__r0,5,1837.859,1850.639,0.018591552262275483
deepseek-v2-lite,P2D2_MATCHING,L1,deepseek-v2-lite__p2d2_matching__third_blind_v01,1,deepseek-v2-lite__p2d2_matching__l1__r1,5,1825.68,1850.016,0.01773881385163478
deepseek-v2-lite,P2D2_MATCHING,L1,deepseek-v2-lite__p2d2_matching__third_blind_v02,0,deepseek-v2-lite__p2d2_matching__l1__r0,5,2120.073,2134.429,0.018386656209165624
deepseek-v2-lite,P2D2_MATCHING,L1,deepseek-v2-lite__p2d2_matching__third_blind_v02,1,deepseek-v2-lite__p2d2_matching__l1__r1,5,2111.444,2121.855,0.01656809174264759
deepseek-v2-lite,P2D2_MATCHING,L1,deepseek-v2-lite__p2d2_matching__third_blind_v03,0,deepseek-v2-lite__p2d2_matching__l1__r0,5,2512.192,2496.021,0.020022938694912697
deepseek-v2-lite,P2D2_MATCHING,L1,deepseek-v2-lite__p2d2_matching__third_blind_v03,1,deepseek-v2-lite__p2d2_matching__l1__r1,5,2475.693,2483.962,0.017284125596257933
deepseek-v2-lite,P2D2_MATCHING,L1,deepseek-v2-lite__p2d2_matching__third_blind_v04,0,deepseek-v2-lite__p2d2_matching__l1__r0,5,2890.683,2890.575,0.022115505471877014
deepseek-v2-lite,P2D2_MATCHING,L1,deepseek-v2-lite__p2d2_matching__third_blind_v04,1,deepseek-v2-lite__p2d2_matching__l1__r1,5,2893.132,2889.656,0.02275676824291901
deepseek-v2-lite,P2D2_MATCHING,L1,deepseek-v2-lite__p2d2_matching__third_blind_v05,0,deepseek-v2-lite__p2d2_matching__l1__r0,5,1811.914,1806.731,0.01973657178822649
deepseek-v2-lite,P2D2_MATCHING,L1,deepseek-v2-lite__p2d2_matching__third_blind_v05,1,deepseek-v2-lite__p2d2_matching__l1__r1,5,1818.397,1811.953,0.020582773116529934
deepseek-v2-lite,P2D2_MATCHING,L1,deepseek-v2-lite__p2d2_matching__third_blind_v06,0,deepseek-v2-lite__p2d2_matching__l1__r0,5,2081.575,2077.445,0.01719689796877234
deepseek-v2-lite,P2D2_MATCHING,L1,deepseek-v2-lite__p2d2_matching__third_blind_v06,1,deepseek-v2-lite__p2d2_matching__l1__r1,5,2094.902,2097.165,0.020920486697103217
deepseek-v2-lite,P2D2_MATCHING,L1,deepseek-v2-lite__p2d2_matching__third_blind_v07,0,deepseek-v2-lite__p2d2_matching__l1__r0,5,2444.96,2453.599,0.020238946193044574
deepseek-v2-lite,P2D2_MATCHING,L1,deepseek-v2-lite__p2d2_matching__third_blind_v07,1,deepseek-v2-lite__p2d2_matching__l1__r1,5,2441.305,2437.265,0.016480688874733834
deepseek-v2-lite,P2D2_MATCHING,L1,deepseek-v2-lite__p2d2_matching__third_blind_v08,0,deepseek-v2-lite__p2d2_matching__l1__r0,5,2801.713,2808.797,0.011948170526574745
deepseek-v2-lite,P2D2_MATCHING,L1,deepseek-v2-lite__p2d2_matching__third_blind_v08,1,deepseek-v2-lite__p2d2_matching__l1__r1,5,2832.626,2803.003,0.02292438316407415
deepseek-v2-lite,P2D2_MATCHING,L1,deepseek-v2-lite__p2d2_matching__third_blind_v09,0,deepseek-v2-lite__p2d2_matching__l1__r0,5,2807.782,2854.952,0.023237810130084968
deepseek-v2-lite,P2D2_MATCHING,L1,deepseek-v2-lite__p2d2_matching__third_blind_v09,1,deepseek-v2-lite__p2d2_matching__l1__r1,5,2871.518,2808.803,0.02102516546769675
deepseek-v2-lite,P2D2_MATCHING,L2,deepseek-v2-lite__p2d2_matching__third_blind_v00,0,deepseek-v2-lite__p2d2_matching__l2__r0,5,1620.476,1614.484,0.0053754372130991575
deepseek-v2-lite,P2D2_MATCHING,L2,deepseek-v2-lite__p2d2_matching__third_blind_v00,1,deepseek-v2-lite__p2d2_matching__l2__r1,5,1632.994,1620.194,0.014300093047599325
deepseek-v2-lite,P2D2_MATCHING,L2,deepseek-v2-lite__p2d2_matching__third_blind_v01,0,deepseek-v2-lite__p2d2_matching__l2__r0,5,1825.703,1825.51,0.003859915867304972
deepseek-v2-lite,P2D2_MATCHING,L2,deepseek-v2-lite__p2d2_matching__third_blind_v01,1,deepseek-v2-lite__p2d2_matching__l2__r1,5,1831.359,1829.919,0.017902774352164138
deepseek-v2-lite,P2D2_MATCHING,L2,deepseek-v2-lite__p2d2_matching__third_blind_v02,0,deepseek-v2-lite__p2d2_matching__l2__r0,5,2107.492,2107.301,0.00670881460849346
deepseek-v2-lite,P2D2_MATCHING,L2,deepseek-v2-lite__p2d2_matching__third_blind_v02,1,deepseek-v2-lite__p2d2_matching__l2__r1,5,2112.849,2127.169,0.01673371592539601
deepseek-v2-lite,P2D2_MATCHING,L2,deepseek-v2-lite__p2d2_matching__third_blind_v03,0,deepseek-v2-lite__p2d2_matching__l2__r0,5,2485.052,2479.429,0.008885922040070653
deepseek-v2-lite,P2D2_MATCHING,L2,deepseek-v2-lite__p2d2_matching__third_blind_v03,1,deepseek-v2-lite__p2d2_matching__l2__r1,5,2496.511,2485.238,0.016695938438755997
deepseek-v2-lite,P2D2_MATCHING,L2,deepseek-v2-lite__p2d2_matching__third_blind_v04,0,deepseek-v2-lite__p2d2_matching__l2__r0,5,2883.038,2843.89,0.009564532283445712
deepseek-v2-lite,P2D2_MATCHING,L2,deepseek-v2-lite__p2d2_matching__third_blind_v04,1,deepseek-v2-lite__p2d2_matching__l2__r1,5,2888.017,2872.044,0.018106938942725623
deepseek-v2-lite,P2D2_MATCHING,L2,deepseek-v2-lite__p2d2_matching__third_blind_v05,0,deepseek-v2-lite__p2d2_matching__l2__r0,5,1810.135,1803.178,0.017738874173226674
deepseek-v2-lite,P2D2_MATCHING,L2,deepseek-v2-lite__p2d2_matching__third_blind_v05,1,deepseek-v2-lite__p2d2_matching__l2__r1,5,1800.834,1827.053,0.014213497624823825
deepseek-v2-lite,P2D2_MATCHING,L2,deepseek-v2-lite__p2d2_matching__third_blind_v06,0,deepseek-v2-lite__p2d2_matching__l2__r0,5,2072.288,2116.174,0.015070685455465117
deepseek-v2-lite,P2D2_MATCHING,L2,deepseek-v2-lite__p2d2_matching__third_blind_v06,1,deepseek-v2-lite__p2d2_matching__l2__r1,5,2087.004,2073.561,0.014968400019774234
deepseek-v2-lite,P2D2_MATCHING,L2,deepseek-v2-lite__p2d2_matching__third_blind_v07,0,deepseek-v2-lite__p2d2_matching__l2__r0,5,2490.467,2479.097,0.018616717752152335
deepseek-v2-lite,P2D2_MATCHING,L2,deepseek-v2-lite__p2d2_matching__third_blind_v07,1,deepseek-v2-lite__p2d2_matching__l2__r1,5,2428.804,2474.477,0.01343070082692806
deepseek-v2-lite,P2D2_MATCHING,L2,deepseek-v2-lite__p2d2_matching__third_blind_v08,0,deepseek-v2-lite__p2d2_matching__l2__r0,5,2849.773,2881.058,0.018913930637647316
deepseek-v2-lite,P2D2_MATCHING,L2,deepseek-v2-lite__p2d2_matching__third_blind_v08,1,deepseek-v2-lite__p2d2_matching__l2__r1,5,2860.886,2866.118,0.021465606292617373
deepseek-v2-lite,P2D2_MATCHING,L2,deepseek-v2-lite__p2d2_matching__third_blind_v09,0,deepseek-v2-lite__p2d2_matching__l2__r0,5,2860.123,2826.523,0.022429689336986705
deepseek-v2-lite,P2D2_MATCHING,L2,deepseek-v2-lite__p2d2_matching__third_blind_v09,1,deepseek-v2-lite__p2d2_matching__l2__r1,5,2826.992,2790.623,0.01905551144007703
deepseek-v2-lite,P2D2_MATCHING,L3,deepseek-v2-lite__p2d2_matching__third_blind_v00,0,deepseek-v2-lite__p2d2_matching__l3__r0,5,1627.679,1625.737,0.005531424592751242
deepseek-v2-lite,P2D2_MATCHING,L3,deepseek-v2-lite__p2d2_matching__third_blind_v00,1,deepseek-v2-lite__p2d2_matching__l3__r1,5,1639.636,1621.937,0.010339216524102773
deepseek-v2-lite,P2D2_MATCHING,L3,deepseek-v2-lite__p2d2_matching__third_blind_v01,0,deepseek-v2-lite__p2d2_matching__l3__r0,5,1831.275,1856.383,0.005441676191944124
deepseek-v2-lite,P2D2_MATCHING,L3,deepseek-v2-lite__p2d2_matching__third_blind_v01,1,deepseek-v2-lite__p2d2_matching__l3__r1,5,1835.643,1835.208,0.005705170404762312
deepseek-v2-lite,P2D2_MATCHING,L3,deepseek-v2-lite__p2d2_matching__third_blind_v02,0,deepseek-v2-lite__p2d2_matching__l3__r0,5,2111.303,2104.421,0.00627748261243127
deepseek-v2-lite,P2D2_MATCHING,L3,deepseek-v2-lite__p2d2_matching__third_blind_v02,1,deepseek-v2-lite__p2d2_matching__l3__r1,5,2114.131,2106.305,0.005871802006748244
deepseek-v2-lite,P2D2_MATCHING,L3,deepseek-v2-lite__p2d2_matching__third_blind_v03,0,deepseek-v2-lite__p2d2_matching__l3__r0,5,2503.685,2492.885,0.0063638270881157585
deepseek-v2-lite,P2D2_MATCHING,L3,deepseek-v2-lite__p2d2_matching__third_blind_v03,1,deepseek-v2-lite__p2d2_matching__l3__r1,5,2485.852,2464.38,0.006779309896228707
deepseek-v2-lite,P2D2_MATCHING,L3,deepseek-v2-lite__p2d2_matching__third_blind_v04,0,deepseek-v2-lite__p2d2_matching__l3__r0,5,2893.082,2896.683,0.01730545642078165
deepseek-v2-lite,P2D2_MATCHING,L3,deepseek-v2-lite__p2d2_matching__third_blind_v04,1,deepseek-v2-lite__p2d2_matching__l3__r1,5,2881.144,2838.514,0.0037684338726494274
deepseek-v2-lite,P2D2_MATCHING,L3,deepseek-v2-lite__p2d2_matching__third_blind_v05,0,deepseek-v2-lite__p2d2_matching__l3__r0,5,1821.164,1830.525,0.009355479847351182
deepseek-v2-lite,P2D2_MATCHING,L3,deepseek-v2-lite__p2d2_matching__third_blind_v05,1,deepseek-v2-lite__p2d2_matching__l3__r1,5,1830.836,1817.814,0.008474932354315444
deepseek-v2-lite,P2D2_MATCHING,L3,deepseek-v2-lite__p2d2_matching__third_blind_v06,0,deepseek-v2-lite__p2d2_matching__l3__r0,5,2099.033,2114.808,0.010927099572799028
deepseek-v2-lite,P2D2_MATCHING,L3,deepseek-v2-lite__p2d2_matching__third_blind_v06,1,deepseek-v2-lite__p2d2_matching__l3__r1,5,2122.303,2122.399,0.005495843856127093
deepseek-v2-lite,P2D2_MATCHING,L3,deepseek-v2-lite__p2d2_matching__third_blind_v07,0,deepseek-v2-lite__p2d2_matching__l3__r0,5,2489.299,2490.678,0.012077258556072655
deepseek-v2-lite,P2D2_MATCHING,L3,deepseek-v2-lite__p2d2_matching__third_blind_v07,1,deepseek-v2-lite__p2d2_matching__l3__r1,5,2496.152,2487.5,0.0063748179956647985
deepseek-v2-lite,P2D2_MATCHING,L3,deepseek-v2-lite__p2d2_matching__third_blind_v08,0,deepseek-v2-lite__p2d2_matching__l3__r0,5,2876.199,2892.695,0.01102460194375022
deepseek-v2-lite,P2D2_MATCHING,L3,deepseek-v2-lite__p2d2_matching__third_blind_v08,1,deepseek-v2-lite__p2d2_matching__l3__r1,5,2884.379,2879.906,0.011799402521900655
deepseek-v2-lite,P2D2_MATCHING,L3,deepseek-v2-lite__p2d2_matching__third_blind_v09,0,deepseek-v2-lite__p2d2_matching__l3__r0,5,2870.976,2846.571,0.010704877175997217
deepseek-v2-lite,P2D2_MATCHING,L3,deepseek-v2-lite__p2d2_matching__third_blind_v09,1,deepseek-v2-lite__p2d2_matching__l3__r1,5,2882.196,2872.813,0.006135716023462866
deepseek-v2-lite,P2D2_ALL_TO_ALL,L1,deepseek-v2-lite__p2d2_all_to_all__third_blind_v00,0,deepseek-v2-lite__p2d2_all_to_all__l1__r0,5,3009.804,1638.411,0.0017024717578858328
deepseek-v2-lite,P2D2_ALL_TO_ALL,L1,deepseek-v2-lite__p2d2_all_to_all__third_blind_v00,1,deepseek-v2-lite__p2d2_all_to_all__l1__r1,5,3009.086,1632.722,0.011246876785188624
deepseek-v2-lite,P2D2_ALL_TO_ALL,L1,deepseek-v2-lite__p2d2_all_to_all__third_blind_v01,0,deepseek-v2-lite__p2d2_all_to_all__l1__r0,5,3361.957,1853.823,0.0013600687519776016
deepseek-v2-lite,P2D2_ALL_TO_ALL,L1,deepseek-v2-lite__p2d2_all_to_all__third_blind_v01,1,deepseek-v2-lite__p2d2_all_to_all__l1__r1,5,3358.055,1839.92,0.018601499777281684
deepseek-v2-lite,P2D2_ALL_TO_ALL,L1,deepseek-v2-lite__p2d2_all_to_all__third_blind_v02,0,deepseek-v2-lite__p2d2_all_to_all__l1__r0,5,3891.181,2124.366,0.0025762491698719473
deepseek-v2-lite,P2D2_ALL_TO_ALL,L1,deepseek-v2-lite__p2d2_all_to_all__third_blind_v02,1,deepseek-v2-lite__p2d2_all_to_all__l1__r1,5,3890.982,2129.924,0.009315852851332419
deepseek-v2-lite,P2D2_ALL_TO_ALL,L1,deepseek-v2-lite__p2d2_all_to_all__third_blind_v03,0,deepseek-v2-lite__p2d2_all_to_all__l1__r0,5,4588.732,2508.564,0.003138855521708123
deepseek-v2-lite,P2D2_ALL_TO_ALL,L1,deepseek-v2-lite__p2d2_all_to_all__third_blind_v03,1,deepseek-v2-lite__p2d2_all_to_all__l1__r1,5,4562.079,2488.209,0.00584212603451701
deepseek-v2-lite,P2D2_ALL_TO_ALL,L1,deepseek-v2-lite__p2d2_all_to_all__third_blind_v04,0,deepseek-v2-lite__p2d2_all_to_all__l1__r0,5,5285.926,2882.755,0.0012016259485720488
deepseek-v2-lite,P2D2_ALL_TO_ALL,L1,deepseek-v2-lite__p2d2_all_to_all__third_blind_v04,1,deepseek-v2-lite__p2d2_all_to_all__l1__r1,5,5262.202,2822.233,0.002618621422991834
deepseek-v2-lite,P2D2_ALL_TO_ALL,L1,deepseek-v2-lite__p2d2_all_to_all__third_blind_v05,0,deepseek-v2-lite__p2d2_all_to_all__l1__r0,5,4216.887,2457.379,0.003382082265986201
deepseek-v2-lite,P2D2_ALL_TO_ALL,L1,deepseek-v2-lite__p2d2_all_to_all__third_blind_v05,1,deepseek-v2-lite__p2d2_all_to_all__l1__r1,5,4204.333,2411.201,0.0062008716532760185
deepseek-v2-lite,P2D2_ALL_TO_ALL,L1,deepseek-v2-lite__p2d2_all_to_all__third_blind_v06,0,deepseek-v2-lite__p2d2_all_to_all__l1__r0,5,3855.018,2110.857,0.006959673541845291
deepseek-v2-lite,P2D2_ALL_TO_ALL,L1,deepseek-v2-lite__p2d2_all_to_all__third_blind_v06,1,deepseek-v2-lite__p2d2_all_to_all__l1__r1,5,3858.995,2052.843,0.006121356886206982
deepseek-v2-lite,P2D2_ALL_TO_ALL,L1,deepseek-v2-lite__p2d2_all_to_all__third_blind_v07,0,deepseek-v2-lite__p2d2_all_to_all__l1__r0,5,4934.894,2818.595,0.004428246943331656
deepseek-v2-lite,P2D2_ALL_TO_ALL,L1,deepseek-v2-lite__p2d2_all_to_all__third_blind_v07,1,deepseek-v2-lite__p2d2_all_to_all__l1__r1,5,4899.244,2768.042,0.005757555098391785
deepseek-v2-lite,P2D2_ALL_TO_ALL,L1,deepseek-v2-lite__p2d2_all_to_all__third_blind_v08,0,deepseek-v2-lite__p2d2_all_to_all__l1__r0,5,4570.599,2835.034,0.012181619250006149
deepseek-v2-lite,P2D2_ALL_TO_ALL,L1,deepseek-v2-lite__p2d2_all_to_all__third_blind_v08,1,deepseek-v2-lite__p2d2_all_to_all__l1__r1,5,4569.444,2780.807,0.004479646279625025
deepseek-v2-lite,P2D2_ALL_TO_ALL,L1,deepseek-v2-lite__p2d2_all_to_all__third_blind_v09,0,deepseek-v2-lite__p2d2_all_to_all__l1__r0,5,4300.687,2806.356,0.0014090384668616392
deepseek-v2-lite,P2D2_ALL_TO_ALL,L1,deepseek-v2-lite__p2d2_all_to_all__third_blind_v09,1,deepseek-v2-lite__p2d2_all_to_all__l1__r1,5,4304.209,2769.483,0.004023811833759183
deepseek-v2-lite,P2D2_ALL_TO_ALL,L2,deepseek-v2-lite__p2d2_all_to_all__third_blind_v00,0,deepseek-v2-lite__p2d2_all_to_all__l2__r0,5,3018.593,1622.65,0.003458532552875726
deepseek-v2-lite,P2D2_ALL_TO_ALL,L2,deepseek-v2-lite__p2d2_all_to_all__third_blind_v00,1,deepseek-v2-lite__p2d2_all_to_all__l2__r1,5,3019.675,1626.286,0.005650836880537186
deepseek-v2-lite,P2D2_ALL_TO_ALL,L2,deepseek-v2-lite__p2d2_all_to_all__third_blind_v01,0,deepseek-v2-lite__p2d2_all_to_all__l2__r0,5,3374.644,1832.314,0.008216906465758058
deepseek-v2-lite,P2D2_ALL_TO_ALL,L2,deepseek-v2-lite__p2d2_all_to_all__third_blind_v01,1,deepseek-v2-lite__p2d2_all_to_all__l2__r1,5,3364.123,1840.265,0.003941135240460691
deepseek-v2-lite,P2D2_ALL_TO_ALL,L2,deepseek-v2-lite__p2d2_all_to_all__third_blind_v02,0,deepseek-v2-lite__p2d2_all_to_all__l2__r0,5,3895.285,2110.444,0.0029830199688303067
deepseek-v2-lite,P2D2_ALL_TO_ALL,L2,deepseek-v2-lite__p2d2_all_to_all__third_blind_v02,1,deepseek-v2-lite__p2d2_all_to_all__l2__r1,5,3892.939,2113.201,0.003989181667457463
deepseek-v2-lite,P2D2_ALL_TO_ALL,L2,deepseek-v2-lite__p2d2_all_to_all__third_blind_v03,0,deepseek-v2-lite__p2d2_all_to_all__l2__r0,5,4596.482,2475.818,0.009769750715133746
deepseek-v2-lite,P2D2_ALL_TO_ALL,L2,deepseek-v2-lite__p2d2_all_to_all__third_blind_v03,1,deepseek-v2-lite__p2d2_all_to_all__l2__r1,5,4573.874,2486.776,0.00784860270587074
deepseek-v2-lite,P2D2_ALL_TO_ALL,L2,deepseek-v2-lite__p2d2_all_to_all__third_blind_v04,0,deepseek-v2-lite__p2d2_all_to_all__l2__r0,5,5308.385,2832.971,0.006604421438083601
deepseek-v2-lite,P2D2_ALL_TO_ALL,L2,deepseek-v2-lite__p2d2_all_to_all__third_blind_v04,1,deepseek-v2-lite__p2d2_all_to_all__l2__r1,5,5278.855,2848.386,0.0018747026694700489
deepseek-v2-lite,P2D2_ALL_TO_ALL,L2,deepseek-v2-lite__p2d2_all_to_all__third_blind_v05,0,deepseek-v2-lite__p2d2_all_to_all__l2__r0,5,4299.312,2431.148,0.006959671167644711
deepseek-v2-lite,P2D2_ALL_TO_ALL,L2,deepseek-v2-lite__p2d2_all_to_all__third_blind_v05,1,deepseek-v2-lite__p2d2_all_to_all__l2__r1,5,4294.633,2423.43,0.009344875594237991
deepseek-v2-lite,P2D2_ALL_TO_ALL,L2,deepseek-v2-lite__p2d2_all_to_all__third_blind_v06,0,deepseek-v2-lite__p2d2_all_to_all__l2__r0,5,3882.54,2087.483,0.004452767866059286
deepseek-v2-lite,P2D2_ALL_TO_ALL,L2,deepseek-v2-lite__p2d2_all_to_all__third_blind_v06,1,deepseek-v2-lite__p2d2_all_to_all__l2__r1,5,3880.972,2111.24,0.005541852606144808
deepseek-v2-lite,P2D2_ALL_TO_ALL,L2,deepseek-v2-lite__p2d2_all_to_all__third_blind_v07,0,deepseek-v2-lite__p2d2_all_to_all__l2__r0,5,5042.897,2827.718,0.005699726849800545
deepseek-v2-lite,P2D2_ALL_TO_ALL,L2,deepseek-v2-lite__p2d2_all_to_all__third_blind_v07,1,deepseek-v2-lite__p2d2_all_to_all__l2__r1,5,5035.23,2811.077,0.007632862630835782
deepseek-v2-lite,P2D2_ALL_TO_ALL,L2,deepseek-v2-lite__p2d2_all_to_all__third_blind_v08,0,deepseek-v2-lite__p2d2_all_to_all__l2__r0,5,4776.415,2826.334,0.0019779759486901563
deepseek-v2-lite,P2D2_ALL_TO_ALL,L2,deepseek-v2-lite__p2d2_all_to_all__third_blind_v08,1,deepseek-v2-lite__p2d2_all_to_all__l2__r1,5,4769.042,2796.723,0.00670992299654312
deepseek-v2-lite,P2D2_ALL_TO_ALL,L2,deepseek-v2-lite__p2d2_all_to_all__third_blind_v09,0,deepseek-v2-lite__p2d2_all_to_all__l2__r0,5,4325.081,2803.02,0.015976537106762344
deepseek-v2-lite,P2D2_ALL_TO_ALL,L2,deepseek-v2-lite__p2d2_all_to_all__third_blind_v09,1,deepseek-v2-lite__p2d2_all_to_all__l2__r1,5,4319.239,2791.795,0.005163215431236176
deepseek-v2-lite,P2D2_ALL_TO_ALL,L3,deepseek-v2-lite__p2d2_all_to_all__third_blind_v00,0,deepseek-v2-lite__p2d2_all_to_all__l3__r0,5,3023.318,1628.664,0.002613404656658742
deepseek-v2-lite,P2D2_ALL_TO_ALL,L3,deepseek-v2-lite__p2d2_all_to_all__third_blind_v00,1,deepseek-v2-lite__p2d2_all_to_all__l3__r1,5,3013.907,1618.611,0.0028610710921505907
deepseek-v2-lite,P2D2_ALL_TO_ALL,L3,deepseek-v2-lite__p2d2_all_to_all__third_blind_v01,0,deepseek-v2-lite__p2d2_all_to_all__l3__r0,5,3364.007,1837.275,0.0012550878272314207
deepseek-v2-lite,P2D2_ALL_TO_ALL,L3,deepseek-v2-lite__p2d2_all_to_all__third_blind_v01,1,deepseek-v2-lite__p2d2_all_to_all__l3__r1,5,3352.134,1811.897,0.0015858706268687323
deepseek-v2-lite,P2D2_ALL_TO_ALL,L3,deepseek-v2-lite__p2d2_all_to_all__third_blind_v02,0,deepseek-v2-lite__p2d2_all_to_all__l3__r0,5,3885.649,2112.327,0.0025797502633989494
deepseek-v2-lite,P2D2_ALL_TO_ALL,L3,deepseek-v2-lite__p2d2_all_to_all__third_blind_v02,1,deepseek-v2-lite__p2d2_all_to_all__l3__r1,5,3873.432,2120.883,0.0028697785458203728
deepseek-v2-lite,P2D2_ALL_TO_ALL,L3,deepseek-v2-lite__p2d2_all_to_all__third_blind_v03,0,deepseek-v2-lite__p2d2_all_to_all__l3__r0,5,4575.265,2480.987,0.0036499246626843316
deepseek-v2-lite,P2D2_ALL_TO_ALL,L3,deepseek-v2-lite__p2d2_all_to_all__third_blind_v03,1,deepseek-v2-lite__p2d2_all_to_all__l3__r1,5,4584.047,2478.705,0.005317237505077965
deepseek-v2-lite,P2D2_ALL_TO_ALL,L3,deepseek-v2-lite__p2d2_all_to_all__third_blind_v04,0,deepseek-v2-lite__p2d2_all_to_all__l3__r0,5,5277.704,2889.154,0.002758251773795737
deepseek-v2-lite,P2D2_ALL_TO_ALL,L3,deepseek-v2-lite__p2d2_all_to_all__third_blind_v04,1,deepseek-v2-lite__p2d2_all_to_all__l3__r1,5,5269.384,2827.755,0.0030030614125956946
deepseek-v2-lite,P2D2_ALL_TO_ALL,L3,deepseek-v2-lite__p2d2_all_to_all__third_blind_v05,0,deepseek-v2-lite__p2d2_all_to_all__l3__r0,5,4218.828,2447.427,0.005231346403791413
deepseek-v2-lite,P2D2_ALL_TO_ALL,L3,deepseek-v2-lite__p2d2_all_to_all__third_blind_v05,1,deepseek-v2-lite__p2d2_all_to_all__l3__r1,5,4212.411,2435.583,0.00295985103281446
deepseek-v2-lite,P2D2_ALL_TO_ALL,L3,deepseek-v2-lite__p2d2_all_to_all__third_blind_v06,0,deepseek-v2-lite__p2d2_all_to_all__l3__r0,5,3845.951,2099.762,0.0011247454374590095
deepseek-v2-lite,P2D2_ALL_TO_ALL,L3,deepseek-v2-lite__p2d2_all_to_all__third_blind_v06,1,deepseek-v2-lite__p2d2_all_to_all__l3__r1,5,3869.61,2095.951,0.003351753737607636
deepseek-v2-lite,P2D2_ALL_TO_ALL,L3,deepseek-v2-lite__p2d2_all_to_all__third_blind_v07,0,deepseek-v2-lite__p2d2_all_to_all__l3__r0,5,4897.466,2811.048,0.004585262139876483
deepseek-v2-lite,P2D2_ALL_TO_ALL,L3,deepseek-v2-lite__p2d2_all_to_all__third_blind_v07,1,deepseek-v2-lite__p2d2_all_to_all__l3__r1,5,4921.557,2801.953,0.003375804460127191
deepseek-v2-lite,P2D2_ALL_TO_ALL,L3,deepseek-v2-lite__p2d2_all_to_all__third_blind_v08,0,deepseek-v2-lite__p2d2_all_to_all__l3__r0,5,4623.251,2832.475,0.00727335364970233
deepseek-v2-lite,P2D2_ALL_TO_ALL,L3,deepseek-v2-lite__p2d2_all_to_all__third_blind_v08,1,deepseek-v2-lite__p2d2_all_to_all__l3__r1,5,4568.463,2839.476,0.0065374175389106715
deepseek-v2-lite,P2D2_ALL_TO_ALL,L3,deepseek-v2-lite__p2d2_all_to_all__third_blind_v09,0,deepseek-v2-lite__p2d2_all_to_all__l3__r0,5,4298.675,2820.821,0.00681069645766111
deepseek-v2-lite,P2D2_ALL_TO_ALL,L3,deepseek-v2-lite__p2d2_all_to_all__third_blind_v09,1,deepseek-v2-lite__p2d2_all_to_all__l3__r1,5,4285.906,2820.01,0.004208482793161601
