round,stage,candidate_id,family,duration_seconds,oof_target,oof_protection,violation_score,oof_score,oof_calls_histogram_wape,oof_bytes_histogram_wape,selected
0,train,p59_r000_train_0,metric_shape_mlp,176.27089895799872,False,True,2.8913081893222157,0.13518030170728684,0.22037126841416416,0.19490186126434955,False
0,train,p59_r000_train_1,metric_shape_mlp,197.8852926249965,False,True,2.477845516352315,0.12715488012820048,0.20328345502055978,0.18961038709385833,False
0,train,p59_r000_train_2,metric_shape_mlp,158.621997041977,False,True,2.8415083027038266,0.1336188863776293,0.21829622728086318,0.1917392679221933,False
0,train,p59_r000_train_3,metric_shape_mlp,223.66395012498833,False,True,2.5552410351654404,0.12889202947354284,0.20687665353010545,0.19112546062031135,False
0,blend,p59_r000_blend_0,oof_blend,0.0,False,True,2.4235899540947843,0.12465960791242144,0.19941680613474802,0.18565254644650897,False
0,blend,p59_r000_blend_1,oof_blend,0.0,False,True,2.422010842606287,0.12413132823735118,0.1987815824606445,0.184520251775472,False
0,blend,p59_r000_blend_2,oof_blend,0.0,False,True,2.468149454063515,0.1255832938487163,0.20123488243245008,0.18656741860082274,False
0,blend,p59_r000_blend_3,oof_blend,0.0,False,True,2.42943932128889,0.1236508567314761,0.19843177945601076,0.18310753448311226,False
1,train,p59_r001_train_0,metric_shape_mlp,153.77676312500262,False,True,2.5431449567802096,0.12762823743938398,0.2055977553873843,0.18783429318299527,False
1,train,p59_r001_train_1,metric_shape_mlp,243.5162617499882,False,True,2.5589997194479945,0.1302110873543307,0.20800586701928123,0.19451689388856044,False
1,train,p59_r001_train_2,metric_shape_mlp,160.65738054199028,False,True,2.5388455742819542,0.12750049221214135,0.20563102910883896,0.18746815043283974,False
1,train,p59_r001_train_3,metric_shape_mlp,170.47538883402012,False,True,2.606542048166123,0.1322389856920193,0.21242184858210583,0.19591682786371853,False
1,blend,p59_r001_blend_0,oof_blend,0.0,False,True,2.4775175004944585,0.12513141583049558,0.2018912809786122,0.1836914594475935,False
1,blend,p59_r001_blend_1,oof_blend,0.0,False,True,2.458227313463704,0.12438198584534936,0.20065912255745866,0.18256057878181994,False
1,blend,p59_r001_blend_2,oof_blend,0.0,False,True,2.4810028696049784,0.12521446070365777,0.20186905322480983,0.18398611222328767,False
1,blend,p59_r001_blend_3,oof_blend,0.0,False,True,2.4203556387393705,0.12339043157835605,0.19874796352034926,0.18155799916988993,False
2,train,p59_r002_train_0,metric_shape_mlp,202.34449233399937,False,True,2.4733457787258386,0.125899519653203,0.2025364486770075,0.1856685054710783,False
2,train,p59_r002_train_1,metric_shape_mlp,183.93635716600693,False,True,2.850706776774272,0.13284570216781097,0.21747492602706756,0.18989385189774285,False
2,train,p59_r002_train_2,metric_shape_mlp,152.50408804201288,False,True,2.6517475511312534,0.13499432972792272,0.21619582885557728,0.20100499781339612,False
2,train,p59_r002_train_3,metric_shape_mlp,179.01656395799364,False,True,2.887110285127635,0.13516032552679147,0.22078406313048257,0.194247593588008,False
2,blend,p59_r002_blend_0,oof_blend,0.0,False,True,2.4312254078726965,0.12449399218219495,0.20013492247410292,0.18382422181885252,False
2,blend,p59_r002_blend_1,oof_blend,0.0,False,True,2.4480617748492564,0.12577679578070436,0.20189601102691904,0.18625469405132586,False
2,blend,p59_r002_blend_2,oof_blend,0.0,False,True,2.525317607442858,0.12956232148235444,0.20796891715293822,0.19203062703070634,False
2,blend,p59_r002_blend_3,oof_blend,0.0,False,True,2.4397753842337693,0.12402457805109797,0.1997771983809207,0.18251016452544686,False
3,train,p59_r003_train_0,metric_shape_mlp,198.34579929098254,False,True,2.504803785094877,0.12850948435827908,0.20644551793108912,0.1900591606478343,False
3,train,p59_r003_train_1,metric_shape_mlp,160.85628574999282,False,True,2.606092913395236,0.12973369583967076,0.20879436253306058,0.19135747861057703,False
3,train,p59_r003_train_2,metric_shape_mlp,173.92677845800063,False,True,2.507049904968862,0.12841338736494115,0.2061805926143397,0.1901386698889926,False
3,train,p59_r003_train_3,metric_shape_mlp,206.02280133299064,False,True,2.6178880895892247,0.1300536673732076,0.20899399778698705,0.1924569376754255,False
3,blend,p59_r003_blend_0,oof_blend,0.0,False,True,2.4283810924955587,0.1252131986828495,0.20150483836886385,0.1845760800881192,False
3,blend,p59_r003_blend_1,oof_blend,0.0,False,True,2.4036741822978196,0.12410854190397985,0.19982777762937448,0.18279645164811584,False
3,blend,p59_r003_blend_2,oof_blend,0.0,False,True,2.4306141781578186,0.1253127319277807,0.20135980435942605,0.185233174956586,False
3,blend,p59_r003_blend_3,oof_blend,0.0,False,True,2.3888526255355695,0.12302749849565306,0.19806062881849135,0.18114707725442494,False
4,train,p59_r004_train_0,metric_shape_mlp,123.41639279201627,False,True,2.930923118351097,0.1360491657959773,0.22225331245028962,0.19526643455919948,False
4,train,p59_r004_train_1,metric_shape_mlp,196.34263445899705,False,True,2.583604960669537,0.13084125602954108,0.20892052547134665,0.19585727116622728,False
4,train,p59_r004_train_2,metric_shape_mlp,174.7074794160144,False,True,2.8669268068976006,0.13395608355356597,0.21966674495125812,0.19103422955837626,False
4,train,p59_r004_train_3,metric_shape_mlp,214.51767812497565,False,True,2.448123057743724,0.12600178586377142,0.20221901722324573,0.1865638048510323,False
4,blend,p59_r004_blend_0,oof_blend,0.0,False,True,2.399710738337726,0.12416473400559172,0.19890341263972733,0.18444684242116702,False
4,blend,p59_r004_blend_1,oof_blend,0.0,False,True,2.4080382124663124,0.12450823867901335,0.19916889797259765,0.18549109687843385,False
4,blend,p59_r004_blend_2,oof_blend,0.0,False,True,2.471403197820061,0.12678049011382678,0.2027767523764667,0.18900954498902353,False
4,blend,p59_r004_blend_3,oof_blend,0.0,False,True,2.413506239217831,0.12339465100208806,0.19824512151559637,0.18238210355783438,False
5,train,p59_r005_train_0,metric_shape_mlp,165.8881789589941,False,True,2.594562342801855,0.12874729027510484,0.20783606906978738,0.18885015468601868,False
5,train,p59_r005_train_1,metric_shape_mlp,222.52496504198643,False,True,2.4585217326021267,0.12696526911052816,0.2027232813820995,0.18962368760028994,False
5,train,p59_r005_train_2,metric_shape_mlp,164.04581074998714,False,True,2.5860165838540077,0.1297631952337686,0.20906727812902204,0.1911403718053787,False
5,train,p59_r005_train_3,metric_shape_mlp,170.48514108298696,False,True,2.606467197709641,0.13271744115615286,0.21232539018577035,0.19812004212013443,False
5,blend,p59_r005_blend_0,oof_blend,0.0,False,True,2.409063264283905,0.12461258309694231,0.19914430033667338,0.18577231158671684,False
5,blend,p59_r005_blend_1,oof_blend,0.0,False,True,2.4187154630372265,0.12428039508842162,0.19901368535586217,0.18470167370619747,False
5,blend,p59_r005_blend_2,oof_blend,0.0,False,True,2.4777492821161964,0.12600628175756926,0.20228701334309784,0.1865985063183725,False
5,blend,p59_r005_blend_3,oof_blend,0.0,False,True,2.397788120261335,0.12320956765934202,0.19714999138203848,0.1832859252142058,False
6,train,p59_r006_train_0,metric_shape_mlp,169.06215366598917,False,True,2.5236145914421786,0.1289013564429164,0.20709279401361025,0.19078711912573632,False
6,train,p59_r006_train_1,metric_shape_mlp,165.13714262499707,False,True,2.836906038082992,0.13231707369440734,0.21681234694128929,0.188764103078805,False
6,train,p59_r006_train_2,metric_shape_mlp,144.96664866700303,False,True,2.5656430467690616,0.13108194815906543,0.2101914773802156,0.19475458858322492,False
6,train,p59_r006_train_3,metric_shape_mlp,226.6813709999842,False,True,2.875993134963816,0.1352689300723858,0.2200261718117414,0.19589370312134297,False
6,blend,p59_r006_blend_0,oof_blend,0.0,False,True,2.446304073474538,0.1262110288050036,0.2024175131168549,0.18724181395494197,False
6,blend,p59_r006_blend_1,oof_blend,0.0,False,True,2.4294068866454275,0.12559918516137397,0.201346286797406,0.18648874953572442,False
6,blend,p59_r006_blend_2,oof_blend,0.0,False,True,2.468320055577686,0.1273267496363303,0.20431887986919747,0.1887825381709257,False
6,blend,p59_r006_blend_3,oof_blend,0.0,False,True,2.4390648732758486,0.12460183706238129,0.20044709179589623,0.18383253905315156,False
7,train,p59_r007_train_0,metric_shape_mlp,226.31562195898732,False,True,2.4498243179460917,0.12809531585826073,0.20442285329713,0.19148433346580482,False
7,train,p59_r007_train_1,metric_shape_mlp,187.95949908299372,False,True,2.6165671381834605,0.13043498957386235,0.2099177120658943,0.19248434620097019,False
7,train,p59_r007_train_2,metric_shape_mlp,167.6564804170048,False,True,2.5802656618189994,0.13091395474082504,0.20957333550534266,0.19501823618451347,False
7,train,p59_r007_train_3,metric_shape_mlp,185.89163645802182,False,True,2.579684179300154,0.12794910292501113,0.20640641395431,0.18794161702739084,False
7,blend,p59_r007_blend_0,oof_blend,0.0,False,True,2.3983010886047493,0.12474812890801416,0.19941717466116526,0.18589214468314252,False
7,blend,p59_r007_blend_1,oof_blend,0.0,False,True,2.4038237429920937,0.12360719736078113,0.19824660930132712,0.18314624109307767,False
7,blend,p59_r007_blend_2,oof_blend,0.0,False,True,2.4671079488375773,0.12479205526370594,0.2007742588608263,0.18405901975390246,False
7,blend,p59_r007_blend_3,oof_blend,0.0,False,True,2.3713614006839263,0.12301208076107478,0.1969044364313343,0.18291545604736995,False
8,train,p59_r008_train_0,metric_shape_mlp,144.62427279198891,False,True,2.940148701158552,0.1356043669165277,0.2214307001831778,0.1947325491916047,False
8,train,p59_r008_train_1,metric_shape_mlp,172.8391465000168,False,True,2.5091346529955216,0.12760501758997866,0.20475066281758758,0.18891398814180071,False
8,train,p59_r008_train_2,metric_shape_mlp,174.99796737500583,False,True,2.881435021652842,0.1349725283151363,0.22038628277368777,0.19403467278867642,False
8,train,p59_r008_train_3,metric_shape_mlp,197.51898962497944,False,True,2.4750742063152633,0.12743925846691184,0.2047229386763916,0.1886142600709727,False
8,blend,p59_r008_blend_0,oof_blend,0.0,False,True,2.4148671370133026,0.12470891492160381,0.20023057144787582,0.18454854245134922,False
8,blend,p59_r008_blend_1,oof_blend,0.0,False,True,2.401576956041558,0.12379012903606856,0.19877473632260387,0.18303318768719903,False
8,blend,p59_r008_blend_2,oof_blend,0.0,False,True,2.4322389335424615,0.12485675490020279,0.20036208892210675,0.1847713573067646,False
8,blend,p59_r008_blend_3,oof_blend,0.0,False,True,2.421522252427628,0.1237468068724402,0.19897011033161738,0.18257609568195654,False
9,train,p59_r009_train_0,metric_shape_mlp,158.96226416600985,False,True,2.5769267694399955,0.12929110777105066,0.20807275751765705,0.19065063745956343,False
9,train,p59_r009_train_1,metric_shape_mlp,234.70419154100819,False,True,2.4801817871394203,0.12681155511053635,0.20367610415574458,0.1874648522841327,False
9,train,p59_r009_train_2,metric_shape_mlp,188.4842843330116,False,True,2.557357909650396,0.12722323347489192,0.20630586152301886,0.18491021168260108,False
9,train,p59_r009_train_3,metric_shape_mlp,200.6958053749986,False,True,2.66426642568971,0.13511398649243156,0.21510604446146558,0.20315674476957757,False
9,blend,p59_r009_blend_0,oof_blend,0.0,False,True,2.429322553416471,0.12437230840037167,0.19962547422250684,0.18400958277710766,False
9,blend,p59_r009_blend_1,oof_blend,0.0,False,True,2.425486591594884,0.12348200712701066,0.19859321670994154,0.18204783507812614,False
9,blend,p59_r009_blend_2,oof_blend,0.0,False,True,2.468045736490143,0.12446271107448982,0.20074953291106415,0.18257566286512714,False
9,blend,p59_r009_blend_3,oof_blend,0.0,False,True,2.3965726589321834,0.12270530368083817,0.19724575207939785,0.18102157375788558,False
10,train,p59_r010_train_0,metric_shape_mlp,201.93540375001612,False,True,2.4440754474588786,0.12553925485791806,0.20199769206279744,0.18516725074814055,False
10,train,p59_r010_train_1,metric_shape_mlp,209.0211946250056,False,True,2.832217242734876,0.1328621521393408,0.21650366500415363,0.19148459132570772,False
10,train,p59_r010_train_2,metric_shape_mlp,147.19726258300943,False,True,2.634325066666926,0.13214559495192033,0.212592363979453,0.1953101762819932,False
10,train,p59_r010_train_3,metric_shape_mlp,146.81993612501537,False,True,2.88727973996836,0.13532548002837166,0.22141930714295766,0.19373222125891046,False
10,blend,p59_r010_blend_0,oof_blend,0.0,False,True,2.4062389100801864,0.12388388467391613,0.19933677134789135,0.1826598351682643,False
10,blend,p59_r010_blend_1,oof_blend,0.0,False,True,2.4287048098420816,0.1246873023094297,0.20079855651810694,0.18368430088232302,False
10,blend,p59_r010_blend_2,oof_blend,0.0,False,True,2.5051587457011273,0.12751314101023703,0.20530976282011204,0.18799408783693033,False
10,blend,p59_r010_blend_3,oof_blend,0.0,False,True,2.4152715863883274,0.12324657891492784,0.1985689136536616,0.18131454191310853,False
11,train,p59_r011_train_0,metric_shape_mlp,217.0874665840238,False,True,2.46758043559463,0.1269639778709969,0.20325007476628376,0.18869696777990133,False
11,train,p59_r011_train_1,metric_shape_mlp,148.84038004197646,False,True,2.6370788290873994,0.1299434580798504,0.20924855597452163,0.19150061877692393,False
11,train,p59_r011_train_2,metric_shape_mlp,180.06094758299878,False,True,2.6709764547438786,0.1332290030814101,0.21348927668111473,0.19819921971519514,False
11,train,p59_r011_train_3,metric_shape_mlp,188.79165608301992,False,True,2.569800527816413,0.12878059959744462,0.20740763698157547,0.18964779175625657,False
11,blend,p59_r011_blend_0,oof_blend,0.0,False,True,2.4090017783271023,0.12441468819594814,0.19925613012376714,0.18473591856949365,False
11,blend,p59_r011_blend_1,oof_blend,0.0,False,True,2.4055859694948336,0.1236685252416997,0.19857311220770058,0.18283810574638598,False
11,blend,p59_r011_blend_2,oof_blend,0.0,False,True,2.4585387803678267,0.12507620524823093,0.20130672344888337,0.1842736218849836,False
11,blend,p59_r011_blend_3,oof_blend,0.0,False,True,2.3924831763541037,0.1227956593995066,0.19695171207899484,0.18186755182828962,False
12,train,p59_r012_train_0,metric_shape_mlp,174.4051725419995,False,True,2.9056001832572553,0.1357501044008509,0.22050688504082902,0.19691751967374005,False
12,train,p59_r012_train_1,metric_shape_mlp,186.95171537500573,False,True,2.4847581685701474,0.12761995894775302,0.20479967910938426,0.1892430873937794,False
12,train,p59_r012_train_2,metric_shape_mlp,132.26777179099736,False,True,2.8700288520599107,0.1342973494237137,0.21937466034665637,0.19285535548136215,False
12,train,p59_r012_train_3,metric_shape_mlp,193.8898117080098,False,True,2.523012882545178,0.12859656132218997,0.20590772989710407,0.1913863847248216,False
12,blend,p59_r012_blend_0,oof_blend,0.0,False,True,2.415324335379044,0.12503664919168783,0.20012634310083097,0.18609071227502103,False
12,blend,p59_r012_blend_1,oof_blend,0.0,False,True,2.4000636781309126,0.12426408427099672,0.1988656521694343,0.1849413901898462,False
12,blend,p59_r012_blend_2,oof_blend,0.0,False,True,2.4362833815245293,0.1255349812074343,0.20082371145235856,0.18702775027947605,False
12,blend,p59_r012_blend_3,oof_blend,0.0,False,True,2.427213935143568,0.12414586516313313,0.19932549274442718,0.18372586641309818,False
13,train,p59_r013_train_0,metric_shape_mlp,151.61914779199287,False,True,2.537462027259677,0.1280102512402786,0.20678032030172544,0.18751799022327498,False
13,train,p59_r013_train_1,metric_shape_mlp,238.26608154099085,False,True,2.5121839488619067,0.1300296328536307,0.20856908818018846,0.19296813549010347,False
13,train,p59_r013_train_2,metric_shape_mlp,169.30663808400277,False,True,2.545503709246496,0.12725007488875897,0.20547672973050607,0.18656749777262227,False
13,train,p59_r013_train_3,metric_shape_mlp,167.69510674997582,False,True,2.622560234166785,0.13178600944830604,0.21164835606104176,0.1954112258808629,False
13,blend,p59_r013_blend_0,oof_blend,0.0,False,True,2.434773283433314,0.12665486873971146,0.20331129732579367,0.1875905394499756,False
13,blend,p59_r013_blend_1,oof_blend,0.0,False,True,2.4090432984384575,0.12488667342894795,0.2007114868621352,0.1845221289215483,False
13,blend,p59_r013_blend_2,oof_blend,0.0,False,True,2.4412524654248875,0.1252526673648752,0.20170223434464235,0.18437600180067854,False
13,blend,p59_r013_blend_3,oof_blend,0.0,False,True,2.388056695165055,0.12387721204603785,0.19923183866698066,0.18276660319339874,False
14,train,p59_r014_train_0,metric_shape_mlp,183.9289757500228,False,True,2.4945777082552483,0.12723355985104015,0.2044573886001726,0.18800835807732333,False
14,train,p59_r014_train_1,metric_shape_mlp,193.2383359580126,False,True,2.826948102972443,0.13205031452554697,0.21629347643606497,0.18860131423876694,False
14,train,p59_r014_train_2,metric_shape_mlp,169.03441466699587,False,True,2.6627297132432903,0.13343327497118332,0.21491585408803304,0.1967354247251812,False
14,train,p59_r014_train_3,metric_shape_mlp,165.82696174999,False,True,2.902787757564557,0.13590399619868612,0.22178253569030132,0.19552881987031767,False
14,blend,p59_r014_blend_0,oof_blend,0.0,False,True,2.4400207618259264,0.1251433789979499,0.20153782392612168,0.18421496562798542,False
14,blend,p59_r014_blend_1,oof_blend,0.0,False,True,2.451676058962276,0.12567583020278456,0.20238515586539627,0.18507487526253566,False
14,blend,p59_r014_blend_2,oof_blend,0.0,False,True,2.526624881707302,0.1286851849183229,0.20714766789359162,0.18982053970374385,False
14,blend,p59_r014_blend_3,oof_blend,0.0,False,True,2.452690150107439,0.12421129139100974,0.20063378011847519,0.18190261542710612,False
15,train,p59_r015_train_0,metric_shape_mlp,200.11855654098326,False,True,2.509609629612477,0.12907205579473735,0.20767865839024327,0.19034262043737962,False
15,train,p59_r015_train_1,metric_shape_mlp,163.61326004200964,False,True,2.6203436294227718,0.13093784904199887,0.2105421534006985,0.19348668706622327,False
15,train,p59_r015_train_2,metric_shape_mlp,147.33949433400994,False,True,2.543457565128356,0.12937396568160078,0.20813041312433206,0.1908833228964666,False
15,train,p59_r015_train_3,metric_shape_mlp,221.60595470800763,False,True,2.571313882613646,0.12915099661396456,0.20727352009113112,0.1915484346065993,False
15,blend,p59_r015_blend_0,oof_blend,0.0,False,True,2.4462916144153812,0.12622008497682013,0.2028193136467536,0.18651318890919993,False
15,blend,p59_r015_blend_1,oof_blend,0.0,False,True,2.4318716621641427,0.1253270961330884,0.20133403868908953,0.18523890436541232,False
15,blend,p59_r015_blend_2,oof_blend,0.0,False,True,2.4650586202818663,0.1263994218449521,0.20316827814975022,0.18670203848349062,False
15,blend,p59_r015_blend_3,oof_blend,0.0,False,True,2.400489800618211,0.12400387146861377,0.1992413501891835,0.18317245534074,False
16,train,p59_r016_train_0,metric_shape_mlp,111.61858833400765,False,True,2.965509444632504,0.1365015165087802,0.22282827097948243,0.19616106778554582,False
16,train,p59_r016_train_1,metric_shape_mlp,184.3564803749905,False,True,2.5561071579375834,0.1298987104780531,0.20730524470609754,0.19417644583037805,False
16,train,p59_r016_train_2,metric_shape_mlp,147.67235733300913,False,True,2.842528701112927,0.1341280161922761,0.21969878553783537,0.1916051088136065,False
16,train,p59_r016_train_3,metric_shape_mlp,224.21875641599763,False,True,2.433193503383807,0.12617136157143846,0.20304821201259066,0.1860625002683052,False
16,blend,p59_r016_blend_0,oof_blend,0.0,False,True,2.3938495895694945,0.1239306427259795,0.1990619672842057,0.18325735585904923,False
16,blend,p59_r016_blend_1,oof_blend,0.0,False,True,2.4025337748181683,0.123950272276703,0.19870735551624688,0.18382052458989948,False
16,blend,p59_r016_blend_2,oof_blend,0.0,False,True,2.4574768637194766,0.12609477551838402,0.20153383621472507,0.1879664402200377,False
16,blend,p59_r016_blend_3,oof_blend,0.0,False,True,2.411986594958643,0.12340372797609252,0.19874602552239437,0.18158567751541643,False
17,train,p59_r017_train_0,metric_shape_mlp,138.1745042919938,False,True,2.556336676627491,0.12846138041606145,0.20630965973388588,0.18999570732947146,False
17,train,p59_r017_train_1,metric_shape_mlp,220.45822933400632,False,True,2.411536138544984,0.12526311692312847,0.20076232107953107,0.1857946274690504,False
17,train,p59_r017_train_2,metric_shape_mlp,158.61819908299367,False,True,2.6310914353047017,0.1299063228466264,0.2095320185336023,0.1909357267058121,False
17,train,p59_r017_train_3,metric_shape_mlp,164.84698624999146,False,True,2.6696304579675183,0.13390869902542346,0.21477081103640064,0.19880730860031787,False
17,blend,p59_r017_blend_0,oof_blend,0.0,False,True,2.370202952145485,0.12313759541713346,0.19760521110763687,0.1821817166851265,False
17,blend,p59_r017_blend_1,oof_blend,0.0,False,True,2.3807998676788573,0.12288866516728439,0.1972767704718226,0.1817357290852032,False
17,blend,p59_r017_blend_2,oof_blend,0.0,False,True,2.4443334342547005,0.12473322736375626,0.20033733181351557,0.18436801824921945,False
17,blend,p59_r017_blend_3,oof_blend,0.0,False,True,2.36714258864676,0.12207614818742692,0.1962507907188247,0.1800984924513378,False
18,train,p59_r018_train_0,metric_shape_mlp,178.97423866702593,False,True,2.5259034326960195,0.12803494473098156,0.20565006719979623,0.18933362954791932,False
18,train,p59_r018_train_1,metric_shape_mlp,173.09767337498488,False,True,2.846452146960045,0.13208182227924326,0.21679387579382323,0.18791145705981066,False
18,train,p59_r018_train_2,metric_shape_mlp,127.35327312498703,False,True,2.5929021343599628,0.13120601058366232,0.2110223299424702,0.19390181376302537,False
18,train,p59_r018_train_3,metric_shape_mlp,198.90421195799718,False,True,2.90175630387302,0.13539018511598994,0.22071130314226228,0.19524985972215894,False
18,blend,p59_r018_blend_0,oof_blend,0.0,False,True,2.4464075766195457,0.12532066417660667,0.20087279092839888,0.18588982364211248,False
18,blend,p59_r018_blend_1,oof_blend,0.0,False,True,2.4299591773053466,0.1249605923893949,0.2003892489295048,0.18522569097389135,False
18,blend,p59_r018_blend_2,oof_blend,0.0,False,True,2.4842260079628056,0.12714263716471252,0.20395327330414514,0.18849675208776914,False
18,blend,p59_r018_blend_3,oof_blend,0.0,False,True,2.445939671130698,0.12403219746597757,0.19956434734110615,0.18278010014154844,False
19,train,p59_r019_train_0,metric_shape_mlp,246.40912837500218,False,True,2.377787938908084,0.12486218981363653,0.20069812038390267,0.1842543669978912,False
19,train,p59_r019_train_1,metric_shape_mlp,196.56614729200373,False,True,2.6395639576419505,0.13045203705001424,0.20941383661424143,0.1933968302875579,False
19,train,p59_r019_train_2,metric_shape_mlp,159.63116116600577,False,True,2.5806587529879206,0.13155625957063943,0.2124353335670211,0.19284557403621952,False
19,train,p59_r019_train_3,metric_shape_mlp,183.4785922919982,False,True,2.535083432381464,0.1276326650043178,0.20589493463170508,0.1875481583109746,False
19,blend,p59_r019_blend_0,oof_blend,0.0,False,True,2.329978485120786,0.12254283478055182,0.19710618799059504,0.18063232366305548,False
19,blend,p59_r019_blend_1,oof_blend,0.0,False,True,2.340785102441196,0.12225002849911733,0.1967736024271436,0.18005976331403084,False
19,blend,p59_r019_blend_2,oof_blend,0.0,False,True,2.41330390752905,0.12401658720738463,0.19968627412013804,0.18267082473567134,False
19,blend,p59_r019_blend_3,oof_blend,0.0,False,True,2.3209346386445517,0.12164274952586601,0.19565595200913338,0.1793116819153011,True
20,train,p59_r020_train_0,metric_shape_mlp,129.70493887498742,False,True,2.9185328270836775,0.13582550167996324,0.22202307451787884,0.19488973078295685,False
20,train,p59_r020_train_1,metric_shape_mlp,160.076026041992,False,True,2.455470373736195,0.12699399986295354,0.20348968409630308,0.18867410459831413,False
20,train,p59_r020_train_2,metric_shape_mlp,182.9279952920042,False,True,2.903797855665996,0.1354892642509336,0.22104417460944975,0.195045671319075,False
20,train,p59_r020_train_3,metric_shape_mlp,185.23920691700187,False,True,2.458102204047892,0.12692233660151142,0.2029663285421838,0.18923634273197038,False
20,blend,p59_r020_blend_0,oof_blend,0.0,False,True,2.3897728834711978,0.1242678568919543,0.19903282496508226,0.18467264999947952,False
20,blend,p59_r020_blend_1,oof_blend,0.0,False,True,2.3700237750519455,0.12333427261658118,0.1974946956474239,0.18334397697977375,False
20,blend,p59_r020_blend_2,oof_blend,0.0,False,True,2.3957782418738276,0.12433786111043958,0.19875538836630977,0.18544654479088013,False
20,blend,p59_r020_blend_3,oof_blend,0.0,False,True,2.403872184586886,0.12336497115121794,0.19807038333467397,0.18252451183482232,False
21,train,p59_r021_train_0,metric_shape_mlp,165.1557524999953,False,True,2.6065234401004327,0.12966941943795782,0.20938429824538604,0.19028575112128762,False
21,train,p59_r021_train_1,metric_shape_mlp,228.02979770800448,False,True,2.4899857266479324,0.12679530951146467,0.20358120193366022,0.1876115102114158,False
21,train,p59_r021_train_2,metric_shape_mlp,172.8134446250042,False,True,2.5475720375766655,0.12627798111194927,0.20491927336359167,0.1833856870159803,False
21,train,p59_r021_train_3,metric_shape_mlp,193.29649033298483,False,True,2.7422284633965397,0.13646505402102022,0.21828116475068052,0.20358473899939925,False
21,blend,p59_r021_blend_0,oof_blend,0.0,False,True,2.4216154983483285,0.12392248015021197,0.19912645384224187,0.18304747160762044,False
21,blend,p59_r021_blend_1,oof_blend,0.0,False,True,2.4085514114465973,0.1226706372129872,0.19781683557523624,0.1800844871388931,False
21,blend,p59_r021_blend_2,oof_blend,0.0,False,True,2.4500225637973125,0.12347007119855297,0.1997367413723919,0.18026733118377952,False
21,blend,p59_r021_blend_3,oof_blend,0.0,False,True,2.3972112744424474,0.12243863899513503,0.1972062828474393,0.1801110061916462,False
22,train,p59_r022_train_0,metric_shape_mlp,199.73490958299953,False,True,2.4511848534147838,0.12531243625593513,0.20157453070250764,0.18484692630134214,False
22,train,p59_r022_train_1,metric_shape_mlp,192.34517449999112,False,True,2.8330806893597487,0.13324870090354896,0.21687330578740194,0.19252146556707364,False
22,train,p59_r022_train_2,metric_shape_mlp,141.53777116601123,False,True,2.570586928419674,0.13151374550445405,0.21116543138535815,0.19492275420867894,False
22,train,p59_r022_train_3,metric_shape_mlp,152.46915549997357,False,True,2.925171489910257,0.1357450640533306,0.22155960411078437,0.19527831322873213,False
22,blend,p59_r022_blend_0,oof_blend,0.0,False,True,2.3936613120348227,0.1233706516730069,0.19843684928124677,0.18198100685445084,False
22,blend,p59_r022_blend_1,oof_blend,0.0,False,True,2.3978259753347686,0.12400410469830936,0.19934293612541315,0.18315214386686263,False
22,blend,p59_r022_blend_2,oof_blend,0.0,False,True,2.457389496896586,0.1269273735855187,0.20379058923769688,0.18799530718920876,False
22,blend,p59_r022_blend_3,oof_blend,0.0,False,True,2.407988261321084,0.12307049595381679,0.19835528769601202,0.18084395136320117,False
23,train,p59_r023_train_0,metric_shape_mlp,221.35472029200173,False,True,2.443804500366082,0.12640829378237026,0.202453986609648,0.1876937399427899,False
23,train,p59_r023_train_1,metric_shape_mlp,151.4812467499869,False,True,2.5886922180911935,0.1298468444867176,0.20777065363258898,0.19347160174446895,False
23,train,p59_r023_train_2,metric_shape_mlp,193.03239379098522,False,True,2.6422484892587352,0.1344811920865904,0.21432371242207782,0.20196761822601944,False
23,train,p59_r023_train_3,metric_shape_mlp,168.8773729999957,False,True,2.6094902777263185,0.12929261148616053,0.20818296111294665,0.19056364078600432,False
23,blend,p59_r023_blend_0,oof_blend,0.0,False,True,2.3835348115139574,0.12391636891404129,0.19838482842456323,0.18409016084670887,False
23,blend,p59_r023_blend_1,oof_blend,0.0,False,True,2.3937506191089164,0.12379589046961856,0.19816140329672713,0.18402665815080027,False
23,blend,p59_r023_blend_2,oof_blend,0.0,False,True,2.4650487955512674,0.12587088029505009,0.2014869119641935,0.18725840781894923,False
23,blend,p59_r023_blend_3,oof_blend,0.0,False,True,2.3721191809100426,0.12270000687095299,0.1965213462303725,0.1821446770686877,False
24,train,p59_r024_train_0,metric_shape_mlp,159.9351664169808,False,True,2.8789999126987422,0.13541659408684203,0.22044151427269498,0.19577971306816902,False
24,train,p59_r024_train_1,metric_shape_mlp,180.8276891669957,False,True,2.533961760462179,0.12787410950042236,0.20514237368191524,0.18969001543548902,False
24,train,p59_r024_train_2,metric_shape_mlp,144.06318870800897,False,True,2.830536498565977,0.13316296522691196,0.21875164641430547,0.18918923267971005,False
24,train,p59_r024_train_3,metric_shape_mlp,192.06755775000784,False,True,2.55273337254759,0.12950096844564188,0.20766568500859894,0.19231078663624873,False
24,blend,p59_r024_blend_0,oof_blend,0.0,False,True,2.4544631375663357,0.12517020334423373,0.2005729741095291,0.18594190832669308,False
24,blend,p59_r024_blend_1,oof_blend,0.0,False,True,2.4279507189217004,0.12437866452670296,0.19933514327374374,0.1846623243402447,False
24,blend,p59_r024_blend_2,oof_blend,0.0,False,True,2.463559475899849,0.12597433735672975,0.2019441820177178,0.187048210477068,False
24,blend,p59_r024_blend_3,oof_blend,0.0,False,True,2.442217067194986,0.12388345952201599,0.1992747252971167,0.18267909000229535,False
25,train,p59_r025_train_0,metric_shape_mlp,145.2199512500083,False,True,2.547315108941218,0.1282856080069926,0.20695862269708368,0.1883373181946904,False
25,train,p59_r025_train_1,metric_shape_mlp,209.41723350001848,False,True,2.539503222393086,0.1299803400656612,0.20808069000321486,0.1935679855495847,False
25,train,p59_r025_train_2,metric_shape_mlp,152.15077775000827,False,True,2.5624225703074677,0.12782235026365565,0.20658337176214042,0.18707227254121783,False
25,train,p59_r025_train_3,metric_shape_mlp,159.88261258401326,False,True,2.5972709509277943,0.13222618278832243,0.21206512531904145,0.19639527967509704,False
25,blend,p59_r025_blend_0,oof_blend,0.0,False,True,2.456256918789448,0.12664324303529553,0.20287751316578956,0.1882945093602983,False
25,blend,p59_r025_blend_1,oof_blend,0.0,False,True,2.4286731580335155,0.12490339152218849,0.20079186878587038,0.1844909848034085,False
25,blend,p59_r025_blend_2,oof_blend,0.0,False,True,2.45950181770694,0.12538968304206427,0.20208291955187976,0.18435538048065642,False
25,blend,p59_r025_blend_3,oof_blend,0.0,False,True,2.4107990196837727,0.12408019521018437,0.1993104255015781,0.18345221897774502,False
26,train,p59_r026_train_0,metric_shape_mlp,181.67203458299628,False,True,2.440844943750929,0.1269451355266718,0.20379248812213369,0.1879896631253171,False
26,train,p59_r026_train_1,metric_shape_mlp,179.764566458005,False,True,2.8730790447395647,0.1328275839840011,0.21806802623545796,0.1887951162445647,False
26,train,p59_r026_train_2,metric_shape_mlp,169.56037983298302,False,True,2.6469404421420073,0.1337362898112069,0.21564571865105192,0.19673268614734896,False
26,train,p59_r026_train_3,metric_shape_mlp,247.39151029198547,False,True,2.909051785865236,0.13607987832519672,0.22159696396193446,0.19660385726179005,False
26,blend,p59_r026_blend_0,oof_blend,0.0,False,True,2.4038514854339894,0.12488130036245026,0.2006096896616213,0.18467263900972966,False
26,blend,p59_r026_blend_1,oof_blend,0.0,False,True,2.427775153427327,0.1254272488481223,0.2016948099079052,0.18521956009387985,False
26,blend,p59_r026_blend_2,oof_blend,0.0,False,True,2.511433596646739,0.12866393817265756,0.20690442273210138,0.1901630692618767,False
26,blend,p59_r026_blend_3,oof_blend,0.0,False,True,2.429837013386348,0.12411158928150022,0.20008763637159935,0.1823144182083695,False
27,train,p59_r027_train_0,metric_shape_mlp,203.32272366600228,False,True,2.5306451711980955,0.1301629622833962,0.20946303032024774,0.1919266304489671,False
27,train,p59_r027_train_1,metric_shape_mlp,179.3392055000004,False,True,2.630721428173908,0.13068096761707146,0.20955496144616806,0.19413967050245656,False
27,train,p59_r027_train_2,metric_shape_mlp,159.7781863330165,False,True,2.5015108778626187,0.12979986063788687,0.20880665766005513,0.19174701215086018,False
27,train,p59_r027_train_3,metric_shape_mlp,248.55492791699362,False,True,2.6108321618078967,0.1298694584295759,0.20860896885521707,0.19234037487245678,False
27,blend,p59_r027_blend_0,oof_blend,0.0,False,True,2.4301608605503615,0.12666650702868304,0.20356607255770293,0.1873198410987303,False
27,blend,p59_r027_blend_1,oof_blend,0.0,False,True,2.410109842303747,0.12553127382612123,0.20194832141548125,0.18517750546163902,False
27,blend,p59_r027_blend_2,oof_blend,0.0,False,True,2.4485590241491533,0.12679897672425308,0.20421717552195015,0.18662330717475797,False
27,blend,p59_r027_blend_3,oof_blend,0.0,False,True,2.391514208914716,0.12425626409329059,0.19969259762323174,0.18365717056224665,False
28,train,p59_r028_train_0,metric_shape_mlp,129.06924849998904,False,True,2.950659059532521,0.13623941984054355,0.22304494810537706,0.19483051159736078,False
28,train,p59_r028_train_1,metric_shape_mlp,200.35515954100993,False,True,2.6120803835149795,0.1300426555826105,0.20843139218879125,0.19336306752948926,False
28,train,p59_r028_train_2,metric_shape_mlp,157.78392579199863,False,True,2.874940763199243,0.13437410956655232,0.22032065027499123,0.19175513793382643,False
28,train,p59_r028_train_3,metric_shape_mlp,250.4400572499726,False,True,2.4426500157619446,0.12599243901938195,0.20248267166635858,0.18627329177870708,False
28,blend,p59_r028_blend_0,oof_blend,0.0,False,True,2.411499110249723,0.12397902107568445,0.19900182043546005,0.18363684147233908,False
28,blend,p59_r028_blend_1,oof_blend,0.0,False,True,2.431325050512112,0.12405122445586549,0.19909754560678172,0.18380244856397795,False
28,blend,p59_r028_blend_2,oof_blend,0.0,False,True,2.5005829744343013,0.12620727737976029,0.20226823309003078,0.1875390122840283,False
28,blend,p59_r028_blend_3,oof_blend,0.0,False,True,2.4322421840377833,0.12350464276281588,0.19889237998697315,0.18190254915252974,False
29,train,p59_r029_train_0,metric_shape_mlp,157.98948049999308,False,True,2.537356129673223,0.1277017119913493,0.20565749774873762,0.18817082013208564,False
29,train,p59_r029_train_1,metric_shape_mlp,253.64631279199966,False,True,2.441346895058225,0.12546151075370576,0.20153671170885987,0.18532421148839298,False
29,train,p59_r029_train_2,metric_shape_mlp,193.89763029202004,False,True,2.5895440001074785,0.1294122362530216,0.20742747635585998,0.19230099958206864,False
29,train,p59_r029_train_3,metric_shape_mlp,202.59877104099724,False,True,2.660527626055488,0.1336755506198063,0.2140804388410599,0.19916132197633396,False
29,blend,p59_r029_blend_0,oof_blend,0.0,False,True,2.3843708016571474,0.12331065701847568,0.19777312236575417,0.18261599396908204,False
29,blend,p59_r029_blend_1,oof_blend,0.0,False,True,2.382484886556771,0.12281681057077573,0.197123264428176,0.18174754265260082,False
29,blend,p59_r029_blend_2,oof_blend,0.0,False,True,2.4331111604355447,0.12431597254922933,0.19981175514414393,0.18364163986612128,False
29,blend,p59_r029_blend_3,oof_blend,0.0,False,True,2.36558405075142,0.12221123114875451,0.19583051261409481,0.181334616917055,False
30,train,p59_r030_train_0,metric_shape_mlp,189.10721391701372,False,True,2.5515785895508065,0.12875552244078167,0.2070355290196101,0.1902160790871103,False
30,train,p59_r030_train_1,metric_shape_mlp,202.6986545000109,False,True,2.853857843055518,0.13266988344579755,0.21658522503886826,0.19065733515707123,False
30,train,p59_r030_train_2,metric_shape_mlp,157.6828737919859,False,True,2.5820386030327325,0.1312041773785932,0.2103673545655673,0.19504371380109853,False
30,train,p59_r030_train_3,metric_shape_mlp,235.61832429101923,False,True,2.8639964049541633,0.13483092242871847,0.2191448488303812,0.1954913714911372,False
30,blend,p59_r030_blend_0,oof_blend,0.0,False,True,2.4710604615794516,0.12607616039358144,0.20258735675070108,0.18643296100014428,False
30,blend,p59_r030_blend_1,oof_blend,0.0,False,True,2.4508967057547904,0.12563340703433973,0.20132423071924668,0.1866933786647016,False
30,blend,p59_r030_blend_2,oof_blend,0.0,False,True,2.4887200144430253,0.12747345410529712,0.20408667465473682,0.18984664966562015,False
30,blend,p59_r030_blend_3,oof_blend,0.0,False,True,2.4618826391466806,0.12464621452938482,0.20072048425875766,0.18355594255513016,False
31,train,p59_r031_train_0,metric_shape_mlp,266.17310758298845,False,True,2.4985805592824786,0.12810289227543556,0.20495827337229108,0.19050016536454392,False
31,train,p59_r031_train_1,metric_shape_mlp,182.8394722499943,False,True,2.630356381051438,0.13070765785799404,0.2100136450257871,0.19350895451024733,False
31,train,p59_r031_train_2,metric_shape_mlp,185.58668654199573,False,True,2.5383143616679544,0.13023117420592772,0.20875165634915288,0.19327105217882848,False
31,train,p59_r031_train_3,metric_shape_mlp,181.6288946249988,False,True,2.5689527570776174,0.12818110599623514,0.20658315081217374,0.18858577957364456,False
31,blend,p59_r031_blend_0,oof_blend,0.0,False,True,2.412858105417201,0.12495395899412363,0.19997589716247646,0.1856655734054651,False
31,blend,p59_r031_blend_1,oof_blend,0.0,False,True,2.3934024489192303,0.12444216009730066,0.1992299135695553,0.18485122242247232,False
31,blend,p59_r031_blend_2,oof_blend,0.0,False,True,2.435247816346528,0.12640763786618506,0.20270372271127338,0.1873696660610727,False
31,blend,p59_r031_blend_3,oof_blend,0.0,False,True,2.3778111662491703,0.12288092322451573,0.1969788745466284,0.1821112619612309,False
32,train,p59_r032_train_0,metric_shape_mlp,137.90487345898873,False,True,2.899747346493663,0.1356614054917207,0.2218699765960256,0.19437299933871888,False
32,train,p59_r032_train_1,metric_shape_mlp,171.6641892500047,False,True,2.526245438117563,0.12718846053985564,0.2049087384393823,0.18720051221711503,False
32,train,p59_r032_train_2,metric_shape_mlp,184.9312370409898,False,True,2.9031532083614775,0.1349101891959654,0.22038694768563202,0.19379782487087205,False
32,train,p59_r032_train_3,metric_shape_mlp,224.706752625003,False,True,2.489062624903719,0.12745852358590434,0.20391024225752855,0.18987918474572368,False
32,blend,p59_r032_blend_0,oof_blend,0.0,False,True,2.4266331878841703,0.12492494285264723,0.1998438605573066,0.18606847994345158,False
32,blend,p59_r032_blend_1,oof_blend,0.0,False,True,2.40618061588284,0.12380529383593555,0.1985042912689353,0.18358921830722308,False
32,blend,p59_r032_blend_2,oof_blend,0.0,False,True,2.4415683046795653,0.12458309276776777,0.20013187535317198,0.18415818869883704,False
32,blend,p59_r032_blend_3,oof_blend,0.0,False,True,2.4259658827498685,0.12382700763481863,0.19876076527124398,0.1832715275512868,False
33,train,p59_r033_train_0,metric_shape_mlp,165.84118537500035,False,True,2.6005552666662552,0.1302794476832778,0.20999410252331227,0.1917936382833144,False
33,train,p59_r033_train_1,metric_shape_mlp,242.96958999999333,False,True,2.4824217436211438,0.127335661295197,0.20464235499465863,0.1879607038339609,False
33,train,p59_r033_train_2,metric_shape_mlp,202.61479333401076,False,True,2.5116710525458896,0.1269773581414323,0.20407608034426933,0.18754091323607266,False
33,train,p59_r033_train_3,metric_shape_mlp,217.52431849998538,False,True,2.6873700271539995,0.13630278279056562,0.21619953526054686,0.20621491352272914,False
33,blend,p59_r033_blend_0,oof_blend,0.0,False,True,2.413864840181734,0.12420201057944241,0.19976840881548244,0.18303324462379178,False
33,blend,p59_r033_blend_1,oof_blend,0.0,False,True,2.39872661270215,0.12312527974236989,0.19803110473954103,0.1814508340395681,False
33,blend,p59_r033_blend_2,oof_blend,0.0,False,True,2.4316742107212708,0.12404318604129601,0.19958684808411867,0.1827758163349236,False
33,blend,p59_r033_blend_3,oof_blend,0.0,False,True,2.3885782756419056,0.12271094641223732,0.1974449125139251,0.18076899016380082,False
34,train,p59_r034_train_0,metric_shape_mlp,223.73122120898915,False,True,2.443121933397215,0.12570332118881286,0.20160401532667865,0.18643122467336026,False
34,train,p59_r034_train_1,metric_shape_mlp,215.06171549999272,False,True,2.86654097299382,0.1330902429536076,0.21754060038847922,0.190910577410673,False
34,train,p59_r034_train_2,metric_shape_mlp,167.51330175000476,False,True,2.571981712024943,0.13145313015273366,0.20982363347963032,0.19666595740938908,False
34,train,p59_r034_train_3,metric_shape_mlp,192.0289567919972,False,True,2.9298189220075095,0.1358438439875999,0.2221823414297272,0.19476470199620408,False
34,blend,p59_r034_blend_0,oof_blend,0.0,False,True,2.3867250934466533,0.12364807785063776,0.1983688234392508,0.18324134686255217,False
34,blend,p59_r034_blend_1,oof_blend,0.0,False,True,2.3921411661048264,0.12411189088534477,0.19872288485854187,0.1845592716837919,False
34,blend,p59_r034_blend_2,oof_blend,0.0,False,True,2.4595221266573977,0.12697633687833973,0.2027224319675523,0.18980959568351632,False
34,blend,p59_r034_blend_3,oof_blend,0.0,False,True,2.402771087766691,0.12316845857765209,0.19796916515270618,0.1819236026659169,False
35,train,p59_r035_train_0,metric_shape_mlp,234.6964100000041,False,True,2.4599998436276174,0.1274505908301605,0.2036556629539585,0.189970552379805,False
35,train,p59_r035_train_1,metric_shape_mlp,153.50963420802145,False,True,2.630332319740964,0.12948103881903167,0.20849174220377814,0.19086625913521543,False
35,train,p59_r035_train_2,metric_shape_mlp,198.4556853749964,False,True,2.6579356418546545,0.1338955906501023,0.21600730272883537,0.19679056716454035,False
35,train,p59_r035_train_3,metric_shape_mlp,184.2625773329928,False,True,2.604248916293771,0.1295205083258862,0.2091037783291965,0.19010050744400858,False
35,blend,p59_r035_blend_0,oof_blend,0.0,False,True,2.4164816147740376,0.12478761099053914,0.19993270408676977,0.18517949388807978,False
35,blend,p59_r035_blend_1,oof_blend,0.0,False,True,2.426030353308099,0.124077918063088,0.1994219423644289,0.18320462717175806,False
35,blend,p59_r035_blend_2,oof_blend,0.0,False,True,2.4923574173226504,0.12578085106060422,0.20256904619909935,0.1852204139067957,False
35,blend,p59_r035_blend_3,oof_blend,0.0,False,True,2.401462411901101,0.12293104707047019,0.19744457764081627,0.18164803960316944,False
36,train,p59_r036_train_0,metric_shape_mlp,167.73616987498826,False,True,2.940042890073418,0.1356594010262051,0.22129577069048367,0.19533435461082435,False
36,train,p59_r036_train_1,metric_shape_mlp,189.86765741699492,False,True,2.5363641530230177,0.1280017216635859,0.20496023198499078,0.19041236308188036,False
36,train,p59_r036_train_2,metric_shape_mlp,145.4856248750002,False,True,2.8946468248642785,0.1342277444493715,0.21952186698670184,0.19226474378156846,False
36,train,p59_r036_train_3,metric_shape_mlp,221.20089833400561,False,True,2.5537132185808007,0.12949309821421034,0.2087460923203106,0.19079707953858882,False
36,blend,p59_r036_blend_0,oof_blend,0.0,False,True,2.4616951537867693,0.12542161870748647,0.2012536441711953,0.18586840480620384,False
36,blend,p59_r036_blend_1,oof_blend,0.0,False,True,2.4400515757907875,0.12478371091397787,0.20051814243527447,0.1845399059612601,False
36,blend,p59_r036_blend_2,oof_blend,0.0,False,True,2.4726922158755382,0.1262633993938857,0.20323675682333192,0.1863225282486077,False
36,blend,p59_r036_blend_3,oof_blend,0.0,False,True,2.4603049541839814,0.12441100479550164,0.20008190209606225,0.1836013059795669,False
37,train,p59_r037_train_0,metric_shape_mlp,164.3602614160045,False,True,2.5686263944415697,0.12863666548833938,0.2080077678084841,0.1881557168000882,False
37,train,p59_r037_train_1,metric_shape_mlp,240.9135389580042,False,True,2.5680666575544357,0.1305481738570505,0.20898888515960531,0.194407661665662,False
37,train,p59_r037_train_2,metric_shape_mlp,175.48290837497916,False,True,2.5277673800764227,0.1275080249413749,0.20538911492387696,0.18780970140676218,False
37,train,p59_r037_train_3,metric_shape_mlp,179.80615729099372,False,True,2.6124231699761387,0.13320730588803983,0.21384993467031788,0.19768643909538713,False
37,blend,p59_r037_blend_0,oof_blend,0.0,False,True,2.4499382512998986,0.12494493470720285,0.20096806549742696,0.1843773541879014,False
37,blend,p59_r037_blend_1,oof_blend,0.0,False,True,2.4300070359447568,0.12471465987869924,0.20021487766223736,0.18463717881956204,False
37,blend,p59_r037_blend_2,oof_blend,0.0,False,True,2.4721262063047815,0.12683250957754538,0.20331963521267396,0.1883479831701499,False
37,blend,p59_r037_blend_3,oof_blend,0.0,False,True,2.4143330644907035,0.12358565383473646,0.19870284591178616,0.18240823592402222,False
38,train,p59_r038_train_0,metric_shape_mlp,197.8525912920013,False,True,2.4687545073634243,0.12628293111534647,0.2040089725221421,0.18495516142389412,False
38,train,p59_r038_train_1,metric_shape_mlp,177.26681933301734,False,True,2.820112555748079,0.13273795800521102,0.21692452094570117,0.19033575465501787,False
38,train,p59_r038_train_2,metric_shape_mlp,183.91907962498954,False,True,2.6766388675092534,0.134320263713722,0.21559858380538,0.19939272081028928,False
38,train,p59_r038_train_3,metric_shape_mlp,202.3531232920359,False,True,2.8854279438431405,0.13489289670231075,0.22004497485621377,0.19421488597292258,False
38,blend,p59_r038_blend_0,oof_blend,0.0,False,True,2.422353277851076,0.12468753772305463,0.2008799785944151,0.1834838000792246,False
38,blend,p59_r038_blend_1,oof_blend,0.0,False,True,2.4432945026355846,0.1256405342553302,0.2018081882182831,0.18592603248921696,False
38,blend,p59_r038_blend_2,oof_blend,0.0,False,True,2.529134220330608,0.12899980335147931,0.20721890403559673,0.19103919971644787,False
38,blend,p59_r038_blend_3,oof_blend,0.0,False,True,2.4313244801599945,0.12407125939119884,0.1999792390911264,0.18239802246745687,False
39,train,p59_r039_train_0,metric_shape_mlp,238.66745887504658,False,True,2.510483167624156,0.12780981542475206,0.20637211385561197,0.18754096820352917,False
39,train,p59_r039_train_1,metric_shape_mlp,175.45126129197888,False,True,2.6449413683142886,0.13080692266332392,0.20949783876051134,0.1947435906308606,False
39,train,p59_r039_train_2,metric_shape_mlp,192.7546731249895,False,True,2.5210693879188657,0.12848349703719034,0.20589928249760586,0.19085286204723848,False
39,train,p59_r039_train_3,metric_shape_mlp,243.03183337504743,False,True,2.6056265996654413,0.1299687043716425,0.20883674450355857,0.19253069797354844,False
39,blend,p59_r039_blend_0,oof_blend,0.0,False,True,2.4375599029299333,0.1251489739794545,0.20129517890942325,0.184756113292645,False
39,blend,p59_r039_blend_1,oof_blend,0.0,False,True,2.412976895490928,0.12426905077678678,0.1994287477500567,0.18408113246543611,False
39,blend,p59_r039_blend_2,oof_blend,0.0,False,True,2.4419922143654196,0.12549235752777566,0.20141864763686915,0.18584045219900322,False
39,blend,p59_r039_blend_3,oof_blend,0.0,False,True,2.3913008755973038,0.12320907726214415,0.19783927720744107,0.18232720298479008,False
40,train,p59_r040_train_0,metric_shape_mlp,133.58079487504438,False,True,2.899215937591225,0.13592799563064592,0.22208344670931776,0.19510737377544043,False
40,train,p59_r040_train_1,metric_shape_mlp,205.29418987501413,False,True,2.578541187114406,0.1302184840405131,0.20666575423322758,0.19669515459809497,False
40,train,p59_r040_train_2,metric_shape_mlp,157.15400508302264,False,True,2.8947439824275465,0.13513528893260254,0.22041701249827014,0.19449177040624893,False
40,train,p59_r040_train_3,metric_shape_mlp,232.95405654096976,False,True,2.497607196721673,0.12689178857655214,0.20218447650451474,0.19036021868478648,False
40,blend,p59_r040_blend_0,oof_blend,0.0,False,True,2.4359792723667564,0.1247189470618304,0.19847201622145347,0.18740052628982073,False
40,blend,p59_r040_blend_1,oof_blend,0.0,False,True,2.430442293338596,0.12466449290711872,0.19817751441815004,0.1876311901105929,False
40,blend,p59_r040_blend_2,oof_blend,0.0,False,True,2.4791448952548647,0.1266528553574643,0.20092432971479873,0.19131898817865864,False
40,blend,p59_r040_blend_3,oof_blend,0.0,False,True,2.4543549391275867,0.1242061672180001,0.1983942555082635,0.18540607744936527,False
41,train,p59_r041_train_0,metric_shape_mlp,150.94812962500146,False,True,2.581461311495313,0.12897219480121314,0.20778759650439976,0.18991941717538208,False
41,train,p59_r041_train_1,metric_shape_mlp,251.9831945829792,False,True,2.4205053277566213,0.12520727198924392,0.20051312710407904,0.18599796684280492,False
41,train,p59_r041_train_2,metric_shape_mlp,180.93235729198204,False,True,2.6220340385610235,0.12939565816089327,0.20858734311295582,0.19041173546504367,False
41,train,p59_r041_train_3,metric_shape_mlp,194.4381805419689,False,True,2.5989857811288606,0.13367829428913844,0.21350557100126444,0.20004695282482715,False
41,blend,p59_r041_blend_0,oof_blend,0.0,False,True,2.37867590924249,0.1232103718480451,0.19715621888857085,0.18323361529321924,False
41,blend,p59_r041_blend_1,oof_blend,0.0,False,True,2.395404970220312,0.12330105674105601,0.19762386267648768,0.18285912624366285,False
41,blend,p59_r041_blend_2,oof_blend,0.0,False,True,2.4640021746668306,0.12526003972608796,0.2013413429622927,0.18498840886335277,False
41,blend,p59_r041_blend_3,oof_blend,0.0,False,True,2.3524207835351643,0.122368383242394,0.19593070417452277,0.18178978879374322,False
42,train,p59_r042_train_0,metric_shape_mlp,181.66279249999207,False,True,2.517393782128358,0.1282315505333024,0.2065959186444344,0.1887155174632582,False
42,train,p59_r042_train_1,metric_shape_mlp,191.88785408402327,False,True,2.814999777685626,0.13176170745066274,0.21567440418502146,0.1883432372451375,False
42,train,p59_r042_train_2,metric_shape_mlp,155.5289535409538,False,True,2.5411453947483476,0.13021110227775923,0.20931423023154638,0.19252981615509238,False
42,train,p59_r042_train_3,metric_shape_mlp,222.4844871670357,False,True,2.9085594747520664,0.1362196345493331,0.221968293038661,0.19654302553839162,False
42,blend,p59_r042_blend_0,oof_blend,0.0,False,True,2.4404915265050318,0.12558119814093346,0.2020755521405281,0.18512909123250584,False
42,blend,p59_r042_blend_1,oof_blend,0.0,False,True,2.419028949830232,0.12500409447306676,0.20109008334112638,0.1843495961991494,False
42,blend,p59_r042_blend_2,oof_blend,0.0,False,True,2.4519548618670486,0.12665751678164658,0.20373925533375437,0.1868624818441563,False
42,blend,p59_r042_blend_3,oof_blend,0.0,False,True,2.4303597361489873,0.1240752860038489,0.20021986811702042,0.18191670282414354,False
